WARD SECTION (CONCATENATED),WARD,SECTION,MONTH NAME,MONTH NUMBER,DATES
0101,01,01,JUNE,6,"2,3"
0101,01,01,JULY,7,"1,7"
0101,01,01,AUGUST,8,"4,5"
0101,01,01,SEPTEMBER,9,"1,2"
0101,01,01,OCTOBER,10,"6,7"
0101,01,01,NOVEMBER,11,"3,4"
0102,01,02,JUNE,6,"4,5"
0102,01,02,JULY,7,"2,3"
0102,01,02,AUGUST,8,"6,7"
0102,01,02,SEPTEMBER,9,"3,4"
0102,01,02,OCTOBER,10,"1,2"
0102,01,02,NOVEMBER,11,"5,6"
0103,01,03,JUNE,6,"9,10"
0103,01,03,JULY,7,"8,14"
0103,01,03,AUGUST,8,"11,12"
0103,01,03,SEPTEMBER,9,"8,9"
0103,01,03,OCTOBER,10,"13,14"
0103,01,03,NOVEMBER,11,"10,11"
0104,01,04,JUNE,6,"11,12"
0104,01,04,JULY,7,"9,10"
0104,01,04,AUGUST,8,"13,14"
0104,01,04,SEPTEMBER,9,"10,11"
0104,01,04,OCTOBER,10,"8,9"
0104,01,04,NOVEMBER,11,"12,13"
0105,01,05,MAY,5,"19,20"
0105,01,05,JUNE,6,"16,17"
0105,01,05,JULY,7,"15,21"
0105,01,05,AUGUST,8,"18,19"
0105,01,05,SEPTEMBER,9,"15,16"
0105,01,05,OCTOBER,10,"20,21"
0105,01,05,NOVEMBER,11,"17,18"
0106,01,06,JUNE,6,"18,19"
0106,01,06,JULY,7,"16,17"
0106,01,06,AUGUST,8,"20,21"
0106,01,06,SEPTEMBER,9,"17,18"
0106,01,06,OCTOBER,10,"15,16"
0106,01,06,NOVEMBER,11,"19,20"
0107,01,07,MAY,5,"26,27"
0107,01,07,JUNE,6,"23,24"
0107,01,07,JULY,7,"22,28"
0107,01,07,AUGUST,8,"25,26"
0107,01,07,SEPTEMBER,9,"22,23"
0107,01,07,OCTOBER,10,"27,28"
0108,01,08,MAY,5,"22,28"
0108,01,08,JUNE,6,"25,26"
0108,01,08,JULY,7,"23,24"
0108,01,08,AUGUST,8,"27,28"
0108,01,08,SEPTEMBER,9,"24,25"
0108,01,08,OCTOBER,10,"22,23"
0109,01,09,JUNE,6,"1,8"
0109,01,09,JULY,7,"6,13"
0109,01,09,AUGUST,8,"3,10"
0109,01,09,SEPTEMBER,9,"7,14"
0109,01,09,OCTOBER,10,"5,12"
0109,01,09,NOVEMBER,11,"2,9"
0110,01,10,JUNE,6,"15,22"
0110,01,10,JULY,7,"20,27"
0110,01,10,AUGUST,8,"17,24"
0110,01,10,SEPTEMBER,9,"21,28"
0110,01,10,OCTOBER,10,"19,26"
0110,01,10,NOVEMBER,11,16
0111,01,11,MAY,5,29
0111,01,11,JUNE,6,"29,30"
0111,01,11,JULY,7,"29,30"
0111,01,11,AUGUST,8,31
0111,01,11,SEPTEMBER,9,"29,30"
0111,01,11,OCTOBER,10,"29,30"
0201,02,01,JUNE,6,"1,2,19,22"
0201,02,01,JULY,7,"10,13,30,31"
0201,02,01,AUGUST,8,"19,20"
0201,02,01,SEPTEMBER,9,"9,10,29,30"
0201,02,01,OCTOBER,10,"20,21"
0201,02,01,NOVEMBER,11,"9,10"
0202,02,02,JUNE,6,"3,4,23,24"
0202,02,02,JULY,7,"14,15"
0202,02,02,AUGUST,8,"3,4,21,24"
0202,02,02,SEPTEMBER,9,"11,14"
0202,02,02,OCTOBER,10,"1,2,22,23"
0202,02,02,NOVEMBER,11,"11,12"
0203,02,03,JUNE,6,"5,8,25,26"
0203,02,03,JULY,7,"16,17"
0203,02,03,AUGUST,8,"5,6,25,26"
0203,02,03,SEPTEMBER,9,"15,16"
0203,02,03,OCTOBER,10,"5,6,26,27"
0203,02,03,NOVEMBER,11,"13,16"
0204,02,04,MAY,5,"19,20"
0204,02,04,JUNE,6,"9,10,29,30"
0204,02,04,JULY,7,"20,21"
0204,02,04,AUGUST,8,"7,10,27,28"
0204,02,04,SEPTEMBER,9,"17,18"
0204,02,04,OCTOBER,10,"7,8,28,29"
0204,02,04,NOVEMBER,11,"17,18"
0205,02,05,MAY,5,"21,22"
0205,02,05,JUNE,6,"11,12"
0205,02,05,JULY,7,"1,2,22,23"
0205,02,05,AUGUST,8,"11,12,31"
0205,02,05,SEPTEMBER,9,"1,21,22"
0205,02,05,OCTOBER,10,"9,13,30"
0205,02,05,NOVEMBER,11,"2,19,20"
0206,02,06,MAY,5,"26,27"
0206,02,06,JUNE,6,"15,16"
0206,02,06,JULY,7,"6,7,24,27"
0206,02,06,AUGUST,8,"13,14"
0206,02,06,SEPTEMBER,9,"2,3,23,24"
0206,02,06,OCTOBER,10,"14,15"
0206,02,06,NOVEMBER,11,"3,4"
0207,02,07,MAY,5,"19,20,26,27"
0207,02,07,JUNE,6,"9,10,16,17,23,24,30"
0207,02,07,JULY,7,"1,7,8,14,15,21,22"
0207,02,07,AUGUST,8,"4,5,11,12,18,19,25,26"
0207,02,07,SEPTEMBER,9,"1,2,8,9,15,16,22,23,29,30"
0207,02,07,OCTOBER,10,"6,7,13,14,20,21,27,28"
0208,02,08,MAY,5,"19,20,26,27"
0208,02,08,JUNE,6,"9,10,16,17,23,24,30"
0208,02,08,JULY,7,"1,7,8,14,15,21,22"
0208,02,08,AUGUST,8,"4,5,11,12,18,19,25,26"
0208,02,08,SEPTEMBER,9,"1,2,8,9,15,16,22,23,29,30"
0208,02,08,OCTOBER,10,"6,7,13,14,20,21,27,28"
0301,03,01,MAY,5,18
0301,03,01,JUNE,6,"29,30"
0301,03,01,AUGUST,8,"11,12"
0301,03,01,SEPTEMBER,9,"23,24"
0301,03,01,OCTOBER,10,30
0301,03,01,NOVEMBER,11,"6,9"
0302,03,02,MAY,5,"19,20"
0302,03,02,JUNE,6,"29,30"
0302,03,02,JULY,7,"1,2"
0302,03,02,AUGUST,8,"13,14"
0302,03,02,SEPTEMBER,9,"25,28"
0302,03,02,NOVEMBER,11,"10,11"
0303,03,03,MAY,5,"21,22"
0303,03,03,JUNE,6,"6,7"
0303,03,03,AUGUST,8,"17,18"
0303,03,03,SEPTEMBER,9,"29,30"
0303,03,03,NOVEMBER,11,"12,13"
0304,03,04,MAY,5,"26,27"
0304,03,04,JULY,7,"8,9"
0304,03,04,AUGUST,8,"19,20"
0304,03,04,OCTOBER,10,"1,2"
0304,03,04,NOVEMBER,11,"16,17"
0305,03,05,MAY,5,"28,29"
0305,03,05,JULY,7,"10,13"
0305,03,05,AUGUST,8,"21,24"
0305,03,05,OCTOBER,10,"5,6"
0305,03,05,NOVEMBER,11,"18,19"
0306,03,06,JUNE,6,"1,2"
0306,03,06,JULY,7,"14,15"
0306,03,06,AUGUST,8,"25,26"
0306,03,06,OCTOBER,10,"7,8"
0306,03,06,NOVEMBER,11,20
0307,03,07,JUNE,6,"3,4"
0307,03,07,JULY,7,"16,17"
0307,03,07,AUGUST,8,"27,28"
0307,03,07,OCTOBER,10,"9,13"
0307,03,07,NOVEMBER,11,"24,25"
0308,03,08,JUNE,6,"5,8"
0308,03,08,JULY,7,"20,21"
0308,03,08,AUGUST,8,31
0308,03,08,SEPTEMBER,9,1
0308,03,08,OCTOBER,10,"14,15"
0309,03,09,JUNE,6,"9,10"
0309,03,09,JULY,7,"22,23"
0309,03,09,SEPTEMBER,9,"2,3"
0309,03,09,OCTOBER,10,"16,19"
0310,03,10,JUNE,6,"11,12"
0310,03,10,JULY,7,"24,27"
0310,03,10,SEPTEMBER,9,"4,8"
0310,03,10,OCTOBER,10,"20,21"
0311,03,11,JUNE,6,"15,16"
0311,03,11,JULY,7,"28,29"
0311,03,11,SEPTEMBER,9,"9,10"
0311,03,11,OCTOBER,10,"23,26"
0312,03,12,JUNE,6,"17,18"
0312,03,12,JULY,7,"30,31"
0312,03,12,SEPTEMBER,9,"11,14"
0312,03,12,OCTOBER,10,"27,28"
0313,03,13,JUNE,6,"23,24"
0313,03,13,AUGUST,8,"3,4"
0313,03,13,SEPTEMBER,9,"15,16"
0313,03,13,OCTOBER,10,"29,30"
0314,03,14,JUNE,6,"23,24"
0314,03,14,AUGUST,8,"5,6"
0314,03,14,SEPTEMBER,9,"17,18"
0314,03,14,NOVEMBER,11,"2,3"
0315,03,15,JUNE,6,"25,26"
0315,03,15,AUGUST,8,"7,10"
0315,03,15,SEPTEMBER,9,"21,22"
0315,03,15,OCTOBER,10,"4,5"
0401,04,01,MAY,5,"18,19"
0401,04,01,AUGUST,8,"18,19"
0401,04,01,OCTOBER,10,"1,2"
0401,04,01,NOVEMBER,11,"17,18"
0402,04,02,MAY,5,"20,21"
0402,04,02,JULY,7,"9,10"
0402,04,02,AUGUST,8,"20,21"
0402,04,02,OCTOBER,10,"5,6"
0402,04,02,NOVEMBER,11,"19,20"
0403,04,03,MAY,5,"27,28"
0403,04,03,JULY,7,"13,14"
0403,04,03,AUGUST,8,"24,25"
0403,04,03,OCTOBER,10,"7,8"
0404,04,04,MAY,5,29
0404,04,04,JULY,7,"15,16"
0404,04,04,AUGUST,8,"26,27"
0404,04,04,OCTOBER,10,"14,15"
0405,04,05,JUNE,6,"2,3"
0405,04,05,JULY,7,"17,20"
0405,04,05,AUGUST,8,"28,31"
0405,04,05,OCTOBER,10,"16,19"
0406,04,06,JUNE,6,"4,5"
0406,04,06,JULY,7,"21,22"
0406,04,06,SEPTEMBER,9,"1,2"
0406,04,06,OCTOBER,10,"20,21"
0407,04,07,JUNE,6,"8,9"
0407,04,07,JULY,7,"23,24"
0407,04,07,SEPTEMBER,9,"3,4"
0407,04,07,OCTOBER,10,"22,23"
0408,04,08,JUNE,6,"10,11"
0408,04,08,JULY,7,"27,28"
0408,04,08,SEPTEMBER,9,"9,10"
0408,04,08,OCTOBER,10,"26,27"
0409,04,09,JUNE,6,"12,15"
0409,04,09,JULY,7,"29,30"
0409,04,09,SEPTEMBER,9,"11,14"
0409,04,09,OCTOBER,10,"28,29"
0410,04,10,JUNE,6,"16,17"
0410,04,10,JULY,7,31
0410,04,10,AUGUST,8,3
0410,04,10,SEPTEMBER,9,"15,16"
0410,04,10,OCTOBER,10,30
0410,04,10,NOVEMBER,11,2
0411,04,11,JUNE,6,"18,19"
0411,04,11,AUGUST,8,"4,5"
0411,04,11,SEPTEMBER,9,"17,18"
0411,04,11,NOVEMBER,11,"3,4"
0412,04,12,JUNE,6,"22,23"
0412,04,12,AUGUST,8,"6,7"
0412,04,12,SEPTEMBER,9,"21,22"
0412,04,12,NOVEMBER,11,"5,6"
0413,04,13,JUNE,6,"24,25"
0413,04,13,AUGUST,8,"10,11"
0413,04,13,SEPTEMBER,9,"23,24"
0413,04,13,NOVEMBER,11,"9,10"
0414,04,14,JUNE,6,"26,29"
0414,04,14,AUGUST,8,"12,13"
0414,04,14,SEPTEMBER,9,"25,28"
0414,04,14,NOVEMBER,11,"11,12"
0415,04,15,JUNE,6,30
0415,04,15,JULY,7,1
0415,04,15,AUGUST,8,"14,17"
0415,04,15,SEPTEMBER,9,"29,30"
0415,04,15,NOVEMBER,11,"13,16"
0501,05,01,JUNE,6,"16,17"
0501,05,01,JULY,7,"24,27"
0501,05,01,AUGUST,8,31
0501,05,01,SEPTEMBER,9,1
0501,05,01,OCTOBER,10,"8,9"
0501,05,01,NOVEMBER,11,"17,18"
0502,05,02,JUNE,6,"18,19"
0502,05,02,SEPTEMBER,9,"2,3"
0502,05,02,OCTOBER,10,"14,15"
0502,05,02,NOVEMBER,11,"19,20"
0503,05,03,JUNE,6,"22,23"
0503,05,03,JULY,7,"30,31"
0503,05,03,SEPTEMBER,9,"4,9"
0503,05,03,OCTOBER,10,"16,19"
0504,05,04,MAY,5,"15,18"
0504,05,04,JUNE,6,"24,25"
0504,05,04,AUGUST,8,"3,4"
0504,05,04,SEPTEMBER,9,"10,11"
0504,05,04,OCTOBER,10,"20,21"
0504,05,04,NOVEMBER,11,"25,27"
0505,05,05,MAY,5,"19,20"
0505,05,05,JUNE,6,"26,29"
0505,05,05,AUGUST,8,"5,6"
0505,05,05,SEPTEMBER,9,"14,15"
0505,05,05,OCTOBER,10,"22,23"
0506,05,06,MAY,5,"21,22"
0506,05,06,JUNE,6,30
0506,05,06,JULY,7,1
0506,05,06,AUGUST,8,"7,10"
0506,05,06,SEPTEMBER,9,"16,17"
0506,05,06,OCTOBER,10,"26,27"
0507,05,07,MAY,5,"27,28"
0507,05,07,JULY,7,"2,7"
0507,05,07,AUGUST,8,"11,12"
0507,05,07,SEPTEMBER,9,"18,21"
0507,05,07,OCTOBER,10,"28,29"
0508,05,08,MAY,5,29
0508,05,08,JUNE,6,1
0508,05,08,JULY,7,"8,9"
0508,05,08,AUGUST,8,"13,14"
0508,05,08,SEPTEMBER,9,"22,23"
0508,05,08,OCTOBER,10,30
0508,05,08,NOVEMBER,11,2
0509,05,09,JUNE,6,"2,3"
0509,05,09,JULY,7,"10,13"
0509,05,09,AUGUST,8,"17,18"
0509,05,09,SEPTEMBER,9,"24,25"
0509,05,09,NOVEMBER,11,"3,4"
0510,05,10,JUNE,6,"4,5"
0510,05,10,JULY,7,"14,15"
0510,05,10,AUGUST,8,"19,20"
0510,05,10,SEPTEMBER,9,"28,29"
0510,05,10,NOVEMBER,11,"5,6"
0511,05,11,JUNE,6,"8,9"
0511,05,11,JULY,7,"16,17"
0511,05,11,AUGUST,8,"21,24"
0511,05,11,SEPTEMBER,9,30
0511,05,11,OCTOBER,10,1
0511,05,11,NOVEMBER,11,"9,10"
0512,05,12,JUNE,6,"10,11"
0512,05,12,JULY,7,"20,21"
0512,05,12,AUGUST,8,"25,26"
0512,05,12,OCTOBER,10,"2,5"
0512,05,12,NOVEMBER,11,"11,12"
0513,05,13,JUNE,6,"12,15"
0513,05,13,JULY,7,"22,23"
0513,05,13,AUGUST,8,"27,28"
0513,05,13,OCTOBER,10,"6,7"
0513,05,13,NOVEMBER,11,"13,16"
0601,06,01,MAY,5,18
0601,06,01,JUNE,6,"25,26"
0601,06,01,AUGUST,8,"7,10"
0601,06,01,SEPTEMBER,9,"17,18"
0601,06,01,OCTOBER,10,"28,29"
0602,06,02,MAY,5,"19,20"
0602,06,02,JUNE,6,"29,30"
0602,06,02,JULY,7,"1,2"
0602,06,02,AUGUST,8,"11,12"
0602,06,02,SEPTEMBER,9,"21,22"
0602,06,02,OCTOBER,10,30
0602,06,02,NOVEMBER,11,2
0603,06,03,MAY,5,"21,22"
0603,06,03,JULY,7,"6,7"
0603,06,03,AUGUST,8,"13,14"
0603,06,03,SEPTEMBER,9,"23,24"
0603,06,03,NOVEMBER,11,"3,4"
0604,06,04,MAY,5,"26,27"
0604,06,04,JULY,7,"8,9"
0604,06,04,AUGUST,8,"17,18"
0604,06,04,SEPTEMBER,9,"25,28"
0604,06,04,NOVEMBER,11,"5,6"
0605,06,05,MAY,5,"28,29"
0605,06,05,JULY,7,"10,13"
0605,06,05,AUGUST,8,"19,20"
0605,06,05,SEPTEMBER,9,"29,30"
0605,06,05,NOVEMBER,11,"9,10"
0606,06,06,JUNE,6,"1,2"
0606,06,06,JULY,7,"14,15"
0606,06,06,AUGUST,8,"21,24"
0606,06,06,OCTOBER,10,"1,2"
0606,06,06,NOVEMBER,11,"11,12"
0607,06,07,JUNE,6,"3,4"
0607,06,07,JULY,7,"16,17"
0607,06,07,AUGUST,8,"25,26"
0607,06,07,OCTOBER,10,"5,6"
0607,06,07,NOVEMBER,11,"13,16"
0608,06,08,JUNE,6,"5,8"
0608,06,08,JULY,7,"20,21"
0608,06,08,AUGUST,8,"27,28"
0608,06,08,OCTOBER,10,"7,8"
0608,06,08,NOVEMBER,11,"17,18"
0609,06,09,JUNE,6,"9,10"
0609,06,09,JULY,7,"22,23"
0609,06,09,AUGUST,8,31
0609,06,09,SEPTEMBER,9,1
0609,06,09,OCTOBER,10,"9,13"
0609,06,09,NOVEMBER,11,"19,20"
0610,06,10,JUNE,6,"11,12"
0610,06,10,JULY,7,"24,27"
0610,06,10,SEPTEMBER,9,"2,3"
0610,06,10,OCTOBER,10,"14,15"
0611,06,11,JUNE,6,"15,16"
0611,06,11,JULY,7,"28,29"
0611,06,11,SEPTEMBER,9,"4,8"
0611,06,11,OCTOBER,10,"16,19"
0612,06,12,JUNE,6,"17,18"
0612,06,12,JULY,7,"30,31"
0612,06,12,SEPTEMBER,9,"9,10"
0612,06,12,OCTOBER,10,"20,21"
0613,06,13,JUNE,6,"19,22"
0613,06,13,AUGUST,8,"3,4"
0613,06,13,SEPTEMBER,9,"11,14"
0613,06,13,OCTOBER,10,"22,23"
0614,06,14,JUNE,6,"23,24"
0614,06,14,AUGUST,8,"5,6"
0614,06,14,SEPTEMBER,9,"15,16"
0614,06,14,OCTOBER,10,"26,27"
0701,07,01,JUNE,6,"19,22"
0701,07,01,AUGUST,8,"5,6"
0701,07,01,SEPTEMBER,9,"21,22"
0701,07,01,NOVEMBER,11,"5,6"
0702,07,02,JUNE,6,"23,24"
0702,07,02,AUGUST,8,"7,10"
0702,07,02,SEPTEMBER,9,"23,24"
0702,07,02,NOVEMBER,11,"9,10"
0703,07,03,JUNE,6,"25,26"
0703,07,03,AUGUST,8,"11,12"
0703,07,03,SEPTEMBER,9,"25,28"
0703,07,03,NOVEMBER,11,"11,12"
0704,07,04,JUNE,6,"29,30"
0704,07,04,AUGUST,8,"13,14"
0704,07,04,SEPTEMBER,9,"29,30"
0704,07,04,NOVEMBER,11,"13,16"
0705,07,05,MAY,5,18
0705,07,05,JULY,7,"1,2"
0705,07,05,AUGUST,8,"17,18"
0705,07,05,OCTOBER,10,"1,2"
0705,07,05,NOVEMBER,11,"17,18"
0706,07,06,MAY,5,"19,20"
0706,07,06,JULY,7,"6,7"
0706,07,06,AUGUST,8,"19,20"
0706,07,06,OCTOBER,10,"5,6"
0706,07,06,NOVEMBER,11,"19,20"
0707,07,07,MAY,5,"21,22"
0707,07,07,JULY,7,"8,9"
0707,07,07,AUGUST,8,"21,24"
0707,07,07,OCTOBER,10,"7,8"
0708,07,08,MAY,5,"26,27"
0708,07,08,JULY,7,"10,13"
0708,07,08,AUGUST,8,"25,26"
0708,07,08,OCTOBER,10,"9,13"
0709,07,09,MAY,5,"28,29"
0709,07,09,JULY,7,"14,15"
0709,07,09,AUGUST,8,"27,28"
0709,07,09,OCTOBER,10,"14,15"
0710,07,10,JUNE,6,"1,2"
0710,07,10,JULY,7,"16,17"
0710,07,10,AUGUST,8,31
0710,07,10,SEPTEMBER,9,1
0710,07,10,OCTOBER,10,"16,19"
0711,07,11,JUNE,6,"3,4"
0711,07,11,JULY,7,"20,21"
0711,07,11,SEPTEMBER,9,"2,3"
0711,07,11,OCTOBER,10,"20,21"
0712,07,12,JUNE,6,"5,8"
0712,07,12,JULY,7,"22,23"
0712,07,12,SEPTEMBER,9,"4,8"
0712,07,12,OCTOBER,10,"22,23"
0713,07,13,JUNE,6,"9,10"
0713,07,13,JULY,7,"24,27"
0713,07,13,SEPTEMBER,9,"9,10"
0713,07,13,NOVEMBER,11,"26,27"
0714,07,14,JUNE,6,"11,12"
0714,07,14,JULY,7,"28,29"
0714,07,14,SEPTEMBER,9,"11,14"
0714,07,14,OCTOBER,10,"28,29"
0715,07,15,JUNE,6,"15,16"
0715,07,15,JULY,7,"30,31"
0715,07,15,SEPTEMBER,9,"15,16"
0715,07,15,OCTOBER,10,30
0715,07,15,NOVEMBER,11,2
0716,07,16,JUNE,6,"17,18"
0716,07,16,AUGUST,8,"3,4"
0716,07,16,SEPTEMBER,9,"17,18"
0716,07,16,NOVEMBER,11,"3,4"
0801,08,01,MAY,5,"19,20"
0801,08,01,JULY,7,"8,9"
0801,08,01,AUGUST,8,"25,26"
0801,08,01,OCTOBER,10,"14,15"
0802,08,02,MAY,5,"21,22"
0802,08,02,JULY,7,"10,13"
0802,08,02,AUGUST,8,"27,28"
0802,08,02,OCTOBER,10,"16,19"
0803,08,03,MAY,5,"26,27"
0803,08,03,JULY,7,"14,15"
0803,08,03,AUGUST,8,31
0803,08,03,SEPTEMBER,9,1
0803,08,03,OCTOBER,10,"20,21"
0804,08,04,MAY,5,"28,29"
0804,08,04,JULY,7,"16,17"
0804,08,04,SEPTEMBER,9,"2,3"
0804,08,04,OCTOBER,10,"22,23"
0805,08,05,JUNE,6,"1,2"
0805,08,05,JULY,7,"20,21"
0805,08,05,SEPTEMBER,9,"4,8"
0805,08,05,OCTOBER,10,"26,27"
0806,08,06,JUNE,6,"3,4"
0806,08,06,JULY,7,"22,23"
0806,08,06,SEPTEMBER,9,"9,10"
0806,08,06,OCTOBER,10,"28,29"
0807,08,07,JUNE,6,"5,8"
0807,08,07,JULY,7,"24,27"
0807,08,07,SEPTEMBER,9,"11,14"
0807,08,07,OCTOBER,10,30
0807,08,07,NOVEMBER,11,1
0808,08,08,JUNE,6,"9,10"
0808,08,08,JULY,7,"28,29"
0808,08,08,SEPTEMBER,9,"15,16"
0808,08,08,NOVEMBER,11,"3,4"
0809,08,09,JUNE,6,"11,12"
0809,08,09,JULY,7,"30,31"
0809,08,09,SEPTEMBER,9,"17,18"
0809,08,09,NOVEMBER,11,"5,6"
0810,08,10,JUNE,6,"15,16"
0810,08,10,AUGUST,8,"3,4"
0810,08,10,SEPTEMBER,9,"21,22"
0810,08,10,NOVEMBER,11,"9,10"
0811,08,11,JUNE,6,"17,18"
0811,08,11,AUGUST,8,"5,6"
0811,08,11,SEPTEMBER,9,"23,24"
0811,08,11,NOVEMBER,11,"11,12"
0812,08,12,JUNE,6,"19,22"
0812,08,12,AUGUST,8,"7,10"
0812,08,12,SEPTEMBER,9,"25,28"
0812,08,12,NOVEMBER,11,"13,16"
0813,08,13,JUNE,6,"23,24"
0813,08,13,AUGUST,8,"11,12"
0813,08,13,SEPTEMBER,9,"29,30"
0813,08,13,NOVEMBER,11,"17,18"
0814,08,14,JUNE,6,"25,26"
0814,08,14,AUGUST,8,"13,14"
0814,08,14,OCTOBER,10,"1,2"
0814,08,14,NOVEMBER,11,"19,20"
0815,08,15,JUNE,6,"29,30"
0815,08,15,AUGUST,8,"17,18"
0815,08,15,OCTOBER,10,"5,6"
0816,08,16,JULY,7,"1,2"
0816,08,16,AUGUST,8,"19,20"
0816,08,16,OCTOBER,10,"7,8"
0817,08,17,MAY,5,18
0817,08,17,JULY,7,"6,7"
0817,08,17,AUGUST,8,"21,24"
0817,08,17,OCTOBER,10,"9,13"
0817,08,17,NOVEMBER,11,30
0901,09,01,MAY,5,"18,19"
0901,09,01,JUNE,6,"16,17"
0901,09,01,AUGUST,8,"14,17"
0901,09,01,OCTOBER,10,"15,16"
0902,09,02,MAY,5,"20,21"
0902,09,02,JUNE,6,"18,19"
0902,09,02,AUGUST,8,"18,19"
0902,09,02,OCTOBER,10,"19,20"
0903,09,03,MAY,5,"22,26"
0903,09,03,JUNE,6,"22,23"
0903,09,03,AUGUST,8,"20,21"
0903,09,03,OCTOBER,10,"21,22"
0904,09,04,MAY,5,"27,28"
0904,09,04,JUNE,6,"24,25"
0904,09,04,AUGUST,8,"24,25"
0904,09,04,OCTOBER,10,"23,26"
0905,09,05,MAY,5,29
0905,09,05,JUNE,6,"1,26,29"
0905,09,05,AUGUST,8,"26,27"
0905,09,05,OCTOBER,10,"27,28"
0906,09,06,JUNE,6,30
0906,09,06,JULY,7,1
0906,09,06,AUGUST,8,"28,31"
0906,09,06,OCTOBER,10,"29,30"
0907,09,07,JULY,7,"2,6"
0907,09,07,SEPTEMBER,9,"1,2"
0907,09,07,NOVEMBER,11,"2,3"
0908,09,08,JULY,7,"7,8"
0908,09,08,SEPTEMBER,9,"3,4"
0908,09,08,NOVEMBER,11,"4,5"
0909,09,09,JULY,7,"9,10"
0909,09,09,SEPTEMBER,9,"8,9"
0909,09,09,NOVEMBER,11,"6,9"
0910,09,10,JULY,7,"13,14"
0910,09,10,SEPTEMBER,9,"10,11"
0910,09,10,NOVEMBER,11,"10,11"
0911,09,11,JULY,7,"15,16"
0911,09,11,SEPTEMBER,9,"14,15"
0911,09,11,NOVEMBER,11,"12,13"
0912,09,12,JULY,7,"17,20"
0912,09,12,SEPTEMBER,9,"16,17"
0912,09,12,NOVEMBER,11,"16,17"
0913,09,13,JULY,7,"21,22"
0913,09,13,SEPTEMBER,9,"18,21"
0913,09,13,NOVEMBER,11,"18,19"
0914,09,14,JULY,7,"23,24"
0914,09,14,SEPTEMBER,9,"22,23"
0915,09,15,JULY,7,"27,28"
0915,09,15,SEPTEMBER,9,"24,25"
0916,09,16,JULY,7,"29,30"
0916,09,16,SEPTEMBER,9,"28,29"
0917,09,17,JUNE,6,"2,3"
0917,09,17,JULY,7,31
0917,09,17,AUGUST,8,3
0917,09,17,SEPTEMBER,9,30
0917,09,17,OCTOBER,10,1
0918,09,18,JUNE,6,"4,5"
0918,09,18,AUGUST,8,"4,5"
0918,09,18,OCTOBER,10,"2,5"
0919,09,19,JUNE,6,"8,9"
0919,09,19,AUGUST,8,"6,7"
0919,09,19,OCTOBER,10,"6,7"
0920,09,20,JUNE,6,"10,11"
0920,09,20,AUGUST,8,"10,11"
0920,09,20,OCTOBER,10,"8,9"
0921,09,21,JUNE,6,"12,15"
0921,09,21,AUGUST,8,"12,13"
0921,09,21,OCTOBER,10,"13,14"
1001,10,01,MAY,5,"19,20"
1001,10,01,JULY,7,"8,9"
1001,10,01,AUGUST,8,"25,26"
1001,10,01,OCTOBER,10,"14,15"
1002,10,02,MAY,5,"21,22"
1002,10,02,JULY,7,"10,13"
1002,10,02,AUGUST,8,"27,28"
1002,10,02,OCTOBER,10,"16,19"
1003,10,03,MAY,5,"26,27"
1003,10,03,JULY,7,"14,15"
1003,10,03,AUGUST,8,31
1003,10,03,SEPTEMBER,9,1
1003,10,03,OCTOBER,10,"20,21"
1004,10,04,MAY,5,"28,29"
1004,10,04,JULY,7,"16,17"
1004,10,04,SEPTEMBER,9,"2,3"
1004,10,04,OCTOBER,10,"22,23"
1005,10,05,JUNE,6,"1,2"
1005,10,05,JULY,7,"20,21"
1005,10,05,SEPTEMBER,9,"4,8"
1005,10,05,OCTOBER,10,"26,27"
1006,10,06,JUNE,6,"3,4"
1006,10,06,JULY,7,"22,23"
1006,10,06,SEPTEMBER,9,"9,10"
1006,10,06,OCTOBER,10,"28,29"
1007,10,07,JUNE,6,"5,8"
1007,10,07,JULY,7,"24,27"
1007,10,07,SEPTEMBER,9,"11,14"
1007,10,07,OCTOBER,10,30
1007,10,07,NOVEMBER,11,2
1008,10,08,JUNE,6,"9,10"
1008,10,08,JULY,7,"28,29"
1008,10,08,SEPTEMBER,9,"15,16"
1008,10,08,NOVEMBER,11,"3,4"
1009,10,09,JUNE,6,"11,12"
1009,10,09,JULY,7,"30,31"
1009,10,09,SEPTEMBER,9,"17,18"
1009,10,09,NOVEMBER,11,"5,6"
1010,10,10,JUNE,6,"15,16"
1010,10,10,AUGUST,8,"3,4"
1010,10,10,SEPTEMBER,9,"21,22"
1010,10,10,NOVEMBER,11,"9,10"
1011,10,11,JUNE,6,"17,18"
1011,10,11,AUGUST,8,"5,6"
1011,10,11,SEPTEMBER,9,"23,24"
1011,10,11,NOVEMBER,11,"11,12"
1012,10,12,JUNE,6,"19,22"
1012,10,12,AUGUST,8,"7,10"
1012,10,12,SEPTEMBER,9,"25,28"
1012,10,12,NOVEMBER,11,"13,16"
1013,10,13,JUNE,6,"23,24"
1013,10,13,AUGUST,8,"11,12"
1013,10,13,SEPTEMBER,9,"29,30"
1013,10,13,NOVEMBER,11,"17,18"
1014,10,14,JUNE,6,"25,26"
1014,10,14,AUGUST,8,"13,14"
1014,10,14,OCTOBER,10,"1,2"
1014,10,14,NOVEMBER,11,"19,20"
1015,10,15,JUNE,6,"29,30"
1015,10,15,AUGUST,8,"17,18"
1015,10,15,OCTOBER,10,"5,6"
1016,10,16,JULY,7,"1,2"
1016,10,16,AUGUST,8,"19,20"
1016,10,16,OCTOBER,10,"7,8"
1016,10,16,NOVEMBER,11,"25,27"
1017,10,17,MAY,5,18
1017,10,17,JULY,7,"6,7"
1017,10,17,AUGUST,8,"21,24"
1017,10,17,OCTOBER,10,"9,13"
1101,11,01,MAY,5,"18,19,20"
1101,11,01,JULY,7,"28,29,30,31"
1101,11,01,OCTOBER,10,"5,6,7,8"
1102,11,02,MAY,5,"21,22,26,27"
1102,11,02,AUGUST,8,"3,4,5,6"
1102,11,02,OCTOBER,10,"9,13,14,15"
1103,11,03,MAY,5,"28,29"
1103,11,03,AUGUST,8,"7,10,11,12"
1103,11,03,OCTOBER,10,"16,19,20,21"
1104,11,04,JUNE,6,"3,4,5,8"
1104,11,04,AUGUST,8,"13,14,17,18"
1104,11,04,OCTOBER,10,"22,23,26,27"
1105,11,05,JUNE,6,"9,10,11,12"
1105,11,05,AUGUST,8,"19,20,21,24"
1105,11,05,OCTOBER,10,"28,29,30"
1105,11,05,NOVEMBER,11,2
1106,11,06,JUNE,6,18
1106,11,06,AUGUST,8,"25,26,27,28"
1106,11,06,NOVEMBER,11,"3,4,5,6"
1107,11,07,JUNE,6,"19,22,23,24"
1107,11,07,AUGUST,8,31
1107,11,07,SEPTEMBER,9,"1,2,3"
1107,11,07,NOVEMBER,11,"9,10,11,12"
1108,11,08,JUNE,6,"25,26"
1108,11,08,JULY,7,"1,2"
1108,11,08,SEPTEMBER,9,"4,8,9,10"
1108,11,08,NOVEMBER,11,"13,16,17,18"
1109,11,09,JULY,7,"6,7,8,9"
1109,11,09,SEPTEMBER,9,"11,14,15,16"
1109,11,09,NOVEMBER,11,"19,20,23,24"
1110,11,10,JULY,7,"10,13,14,15"
1110,11,10,SEPTEMBER,9,"18,21,22,23"
1110,11,10,NOVEMBER,11,"25,30"
1111,11,11,JULY,7,"16,17,20,21"
1111,11,11,SEPTEMBER,9,"23,24,25,28"
1112,11,12,JULY,7,"22,23,24,27"
1112,11,12,SEPTEMBER,9,"29,30"
1112,11,12,OCTOBER,10,"1,2"
1201,12,01,MAY,5,"18,19"
1201,12,01,JUNE,6,"12,15"
1201,12,01,JULY,7,"9,10"
1201,12,01,AUGUST,8,"4,5,28,31"
1201,12,01,SEPTEMBER,9,"24,25"
1201,12,01,OCTOBER,10,"21,22"
1201,12,01,NOVEMBER,11,"16,17"
1202,12,02,MAY,5,"20,21"
1202,12,02,JUNE,6,"16,17"
1202,12,02,JULY,7,"13,14"
1202,12,02,AUGUST,8,"6,7"
1202,12,02,SEPTEMBER,9,"1,2,28,29"
1202,12,02,OCTOBER,10,"22,23"
1202,12,02,NOVEMBER,11,"18,19"
1203,12,03,MAY,5,"26,27"
1203,12,03,JUNE,6,"18,19"
1203,12,03,JULY,7,"15,16"
1203,12,03,AUGUST,8,"10,11"
1203,12,03,SEPTEMBER,9,"3,4,30"
1203,12,03,OCTOBER,10,"1,27,28"
1203,12,03,NOVEMBER,11,"20,23"
1204,12,04,MAY,5,"27,28"
1204,12,04,JUNE,6,"22,23"
1204,12,04,JULY,7,"20,21"
1204,12,04,AUGUST,8,"11,12"
1204,12,04,SEPTEMBER,9,"8,9"
1204,12,04,OCTOBER,10,"2,5,29,30"
1204,12,04,NOVEMBER,11,"24,25"
1205,12,05,MAY,5,29
1205,12,05,JUNE,6,"1,24,25"
1205,12,05,JULY,7,"21,22"
1205,12,05,AUGUST,8,"14,17"
1205,12,05,SEPTEMBER,9,"10,11"
1205,12,05,OCTOBER,10,"6,7"
1205,12,05,NOVEMBER,11,"2,3,27,30"
1206,12,06,JUNE,6,"2,3,26,29"
1206,12,06,JULY,7,"23,24"
1206,12,06,AUGUST,8,"18,19"
1206,12,06,SEPTEMBER,9,"14,15"
1206,12,06,OCTOBER,10,"8,9"
1206,12,06,NOVEMBER,11,"4,5"
1207,12,07,JUNE,6,"4,5,30"
1207,12,07,JULY,7,"1,27,28"
1207,12,07,AUGUST,8,"20,21"
1207,12,07,SEPTEMBER,9,"16,17"
1207,12,07,OCTOBER,10,"13,14"
1207,12,07,NOVEMBER,11,"6,9"
1208,12,08,JUNE,6,"8,9"
1208,12,08,JULY,7,"2,6,29,30"
1208,12,08,AUGUST,8,"24,25"
1208,12,08,SEPTEMBER,9,"18,21"
1208,12,08,OCTOBER,10,"15,16"
1208,12,08,NOVEMBER,11,"10,11"
1209,12,09,JUNE,6,"10,11"
1209,12,09,JULY,7,"7,8,31"
1209,12,09,AUGUST,8,"3,26,27"
1209,12,09,SEPTEMBER,9,"22,23"
1209,12,09,OCTOBER,10,"19,20"
1209,12,09,NOVEMBER,11,"12,13"
1301,13,01,JUNE,6,"19,22"
1301,13,01,SEPTEMBER,9,"2,3"
1301,13,01,NOVEMBER,11,"19,20"
1302,13,02,JUNE,6,"17,18"
1302,13,02,SEPTEMBER,9,"4,8"
1303,13,03,JUNE,6,"23,24"
1303,13,03,SEPTEMBER,9,"9,10"
1304,13,04,JUNE,6,"25,26"
1304,13,04,SEPTEMBER,9,"11,14"
1305,13,05,JUNE,6,"29,30"
1305,13,05,SEPTEMBER,9,"15,16"
1306,13,06,JULY,7,"1,2"
1306,13,06,SEPTEMBER,9,"17,18"
1307,13,07,JULY,7,"6,7"
1307,13,07,SEPTEMBER,9,"21,22"
1308,13,08,JULY,7,"8,9"
1308,13,08,SEPTEMBER,9,"23,24"
1309,13,09,JULY,7,"10,13"
1309,13,09,SEPTEMBER,9,"25,28"
1310,13,10,JULY,7,"14,15"
1310,13,10,SEPTEMBER,9,"29,30"
1311,13,11,JULY,7,"16,17"
1311,13,11,OCTOBER,10,"1,2"
1312,13,12,JULY,7,"20,21"
1312,13,12,OCTOBER,10,"5,6"
1313,13,13,JULY,7,"22,23"
1313,13,13,OCTOBER,10,"7,8"
1314,13,14,JULY,7,"24,27"
1314,13,14,OCTOBER,10,"9,13"
1315,13,15,JULY,7,"28,29"
1315,13,15,OCTOBER,10,"14,15"
1316,13,16,JULY,7,"30,31"
1316,13,16,OCTOBER,10,"16,19"
1317,13,17,MAY,5,18
1317,13,17,AUGUST,8,"3,4"
1317,13,17,OCTOBER,10,"20,21"
1318,13,18,MAY,5,"19,20"
1318,13,18,AUGUST,8,"5,6"
1318,13,18,OCTOBER,10,"22,23"
1319,13,19,MAY,5,"21,22"
1319,13,19,AUGUST,8,"7,10"
1319,13,19,OCTOBER,10,"26,27"
1320,13,20,MAY,5,"28,29"
1320,13,20,AUGUST,8,"11,12"
1320,13,20,OCTOBER,10,"28,29"
1321,13,21,MAY,5,"26,27"
1321,13,21,AUGUST,8,"13,14"
1321,13,21,OCTOBER,10,30
1321,13,21,NOVEMBER,11,2
1322,13,22,JUNE,6,"1,2"
1322,13,22,AUGUST,8,"17,18"
1322,13,22,NOVEMBER,11,"3,4"
1323,13,23,JUNE,6,"3,4"
1323,13,23,AUGUST,8,"19,20"
1323,13,23,NOVEMBER,11,"5,6"
1324,13,24,JUNE,6,"5,8"
1324,13,24,AUGUST,8,"21,24"
1324,13,24,NOVEMBER,11,"9,10"
1325,13,25,JUNE,6,"9,10"
1325,13,25,AUGUST,8,"25,26"
1325,13,25,NOVEMBER,11,"11,12"
1326,13,26,JUNE,6,"11,12"
1326,13,26,AUGUST,8,"27,28"
1326,13,26,NOVEMBER,11,"13,16"
1327,13,27,JUNE,6,"15,16"
1327,13,27,AUGUST,8,31
1327,13,27,SEPTEMBER,9,1
1327,13,27,NOVEMBER,11,"17,18"
1404,14,04,JULY,7,"10,13"
1501,15,01,SEPTEMBER,9,"11,14"
1502,15,02,SEPTEMBER,9,"15,16"
1503,15,03,SEPTEMBER,9,"17,18"
1504,15,04,SEPTEMBER,9,"21,22"
1505,15,05,SEPTEMBER,9,"23,24"
1506,15,06,SEPTEMBER,9,"25,28"
1508,15,08,OCTOBER,10,"1,2"
1509,15,09,OCTOBER,10,"5,6"
1701,17,01,MAY,5,"22,26"
1701,17,01,JULY,7,"21,22"
1701,17,01,SEPTEMBER,9,"16,17"
1701,17,01,NOVEMBER,11,"12,13"
1702,17,02,MAY,5,"27,28"
1702,17,02,JULY,7,"23,24"
1702,17,02,SEPTEMBER,9,"18,21"
1702,17,02,NOVEMBER,11,"16,17"
1703,17,03,MAY,5,29
1703,17,03,JUNE,6,1
1703,17,03,JULY,7,"27,28"
1703,17,03,SEPTEMBER,9,"22,23"
1703,17,03,NOVEMBER,11,"18,19"
1704,17,04,JUNE,6,"3,4"
1704,17,04,JULY,7,"29,30"
1704,17,04,SEPTEMBER,9,"24,25"
1704,17,04,NOVEMBER,11,20
1705,17,05,JUNE,6,"4,5"
1705,17,05,JULY,7,31
1705,17,05,AUGUST,8,3
1705,17,05,SEPTEMBER,9,"28,29"
1706,17,06,JUNE,6,"8,9"
1706,17,06,AUGUST,8,"4,5"
1706,17,06,SEPTEMBER,9,30
1706,17,06,OCTOBER,10,1
1707,17,07,JUNE,6,"10,11"
1707,17,07,AUGUST,8,"6,7"
1707,17,07,OCTOBER,10,"2,5"
1708,17,08,JUNE,6,"12,15"
1708,17,08,AUGUST,8,"10,11"
1708,17,08,OCTOBER,10,"6,7"
1709,17,09,JUNE,6,"16,17"
1709,17,09,AUGUST,8,"12,13"
1709,17,09,OCTOBER,10,"8,9"
1710,17,10,JUNE,6,"18,19"
1710,17,10,AUGUST,8,"14,17"
1710,17,10,OCTOBER,10,"13,14"
1711,17,11,JUNE,6,"22,23"
1711,17,11,AUGUST,8,"18,19"
1711,17,11,OCTOBER,10,"15,16"
1712,17,12,JUNE,6,"24,25"
1712,17,12,AUGUST,8,"20,21"
1712,17,12,OCTOBER,10,"19,20"
1713,17,13,JUNE,6,"26,29"
1713,17,13,AUGUST,8,"24,25"
1713,17,13,OCTOBER,10,"21,22"
1714,17,14,JUNE,6,30
1714,17,14,JULY,7,1
1714,17,14,AUGUST,8,"26,27"
1714,17,14,OCTOBER,10,"23,26"
1715,17,15,JULY,7,"2,6"
1715,17,15,AUGUST,8,"28,31"
1715,17,15,OCTOBER,10,"27,28"
1716,17,16,JULY,7,"7,8"
1716,17,16,SEPTEMBER,9,"1,2"
1716,17,16,OCTOBER,10,"29,30"
1717,17,17,JULY,7,"9,10"
1717,17,17,SEPTEMBER,9,"3,4"
1717,17,17,NOVEMBER,11,"2,3"
1718,17,18,MAY,5,"18,19"
1718,17,18,JULY,7,"13,14"
1718,17,18,SEPTEMBER,9,"8,9"
1718,17,18,NOVEMBER,11,"4,5"
1719,17,19,MAY,5,"20,21"
1719,17,19,JULY,7,"15,16"
1719,17,19,SEPTEMBER,9,"10,11"
1719,17,19,NOVEMBER,11,"6,9"
1720,17,20,JULY,7,"17,20"
1720,17,20,SEPTEMBER,9,"14,15"
1720,17,20,NOVEMBER,11,"10,11"
1801,18,01,JULY,7,"8,9"
1801,18,01,SEPTEMBER,9,"29,30"
1801,18,01,OCTOBER,10,"1,2"
1802,18,02,JULY,7,"10,13"
1802,18,02,OCTOBER,10,"5,6"
1803,18,03,JULY,7,"14,15"
1803,18,03,OCTOBER,10,"7,8"
1804,18,04,JULY,7,"16,17"
1804,18,04,OCTOBER,10,"9,13"
1805,18,05,JULY,7,"20,21"
1805,18,05,OCTOBER,10,"14,15"
1806,18,06,JULY,7,"22,23"
1806,18,06,OCTOBER,10,"16,19"
1807,18,07,JULY,7,"24,27"
1807,18,07,OCTOBER,10,"20,21"
1808,18,08,JULY,7,"28,29"
1808,18,08,OCTOBER,10,"22,23"
1809,18,09,JULY,7,"30,31"
1809,18,09,OCTOBER,10,"26,27"
1810,18,10,MAY,5,18
1810,18,10,AUGUST,8,"3,4"
1810,18,10,OCTOBER,10,"28,29"
1811,18,11,MAY,5,"19,20"
1811,18,11,AUGUST,8,"5,6"
1811,18,11,OCTOBER,10,30
1811,18,11,NOVEMBER,11,2
1812,18,12,MAY,5,"21,22"
1812,18,12,AUGUST,8,"7,10"
1812,18,12,NOVEMBER,11,"3,4"
1813,18,13,MAY,5,"26,27"
1813,18,13,AUGUST,8,"11,12"
1813,18,13,NOVEMBER,11,"5,6"
1814,18,14,MAY,5,"28,29"
1814,18,14,AUGUST,8,"13,14"
1814,18,14,NOVEMBER,11,"9,10"
1815,18,15,AUGUST,8,"17,18"
1815,18,15,NOVEMBER,11,"11,12"
1816,18,16,AUGUST,8,"19,20"
1816,18,16,NOVEMBER,11,"13,16"
1817,18,17,JUNE,6,"1,2"
1817,18,17,AUGUST,8,"21,24"
1817,18,17,NOVEMBER,11,"17,18"
1818,18,18,JUNE,6,"3,4"
1818,18,18,AUGUST,8,"25,26"
1818,18,18,NOVEMBER,11,"19,20"
1819,18,19,JUNE,6,"5,8"
1819,18,19,AUGUST,8,"27,28"
1820,18,20,JUNE,6,"9,10"
1820,18,20,AUGUST,8,31
1820,18,20,SEPTEMBER,9,1
1821,18,21,JUNE,6,"11,12"
1821,18,21,SEPTEMBER,9,"2,3"
1822,18,22,JUNE,6,"15,16"
1822,18,22,SEPTEMBER,9,"4,8"
1823,18,23,JUNE,6,"17,18"
1823,18,23,SEPTEMBER,9,"9,10"
1824,18,24,JUNE,6,"19,22"
1824,18,24,SEPTEMBER,9,"11,14"
1825,18,25,JUNE,6,"23,24"
1825,18,25,SEPTEMBER,9,"15,16"
1826,18,26,JUNE,6,"25,26"
1826,18,26,SEPTEMBER,9,"17,18"
1827,18,27,JUNE,6,"29,30"
1827,18,27,SEPTEMBER,9,"21,22"
1828,18,28,JULY,7,"1,2"
1828,18,28,SEPTEMBER,9,"23,24"
1829,18,29,JULY,7,"6,7"
1829,18,29,SEPTEMBER,9,"25,28"
1901,19,01,JUNE,6,"15,16"
1901,19,01,AUGUST,8,"17,18"
1901,19,01,NOVEMBER,11,"9,10"
1902,19,02,JUNE,6,"11,12"
1902,19,02,AUGUST,8,"19,20"
1902,19,02,NOVEMBER,11,"11,12"
1903,19,03,JUNE,6,"17,18"
1903,19,03,AUGUST,8,"21,24"
1903,19,03,NOVEMBER,11,"13,16"
1904,19,04,JUNE,6,"29,30"
1904,19,04,AUGUST,8,"25,26"
1904,19,04,OCTOBER,10,30
1904,19,04,NOVEMBER,11,2
1905,19,05,JUNE,6,"19,22"
1905,19,05,AUGUST,8,"27,28"
1905,19,05,NOVEMBER,11,"17,18"
1906,19,06,JUNE,6,"9,10"
1906,19,06,SEPTEMBER,9,"2,3"
1907,19,07,JUNE,6,"23,24"
1907,19,07,AUGUST,8,31
1907,19,07,SEPTEMBER,9,1
1907,19,07,OCTOBER,10,"28,29"
1908,19,08,JULY,7,"8,9"
1908,19,08,SEPTEMBER,9,"9,10"
1909,19,09,JUNE,6,"25,26"
1909,19,09,SEPTEMBER,9,"15,16"
1909,19,09,NOVEMBER,11,"3,4"
1910,19,10,JUNE,6,"19,22"
1910,19,10,SEPTEMBER,9,"11,14"
1910,19,10,NOVEMBER,11,"19,20"
1911,19,11,JULY,7,"1,2"
1911,19,11,SEPTEMBER,9,"23,24"
1912,19,12,JULY,7,"16,17"
1912,19,12,SEPTEMBER,9,"25,28"
1913,19,13,JULY,7,"22,23"
1913,19,13,SEPTEMBER,9,"17,18"
1913,19,13,NOVEMBER,11,"5,6"
1914,19,14,JULY,7,"6,7"
1914,19,14,SEPTEMBER,9,"4,8"
1915,19,15,JULY,7,"28,29"
1915,19,15,SEPTEMBER,9,"29,30"
1916,19,16,MAY,5,"21,22"
1916,19,16,JULY,7,"20,21"
1916,19,16,OCTOBER,10,"1,2"
1917,19,17,MAY,5,"19,20"
1917,19,17,JULY,7,"14,15"
1917,19,17,OCTOBER,10,"7,8"
1918,19,18,JULY,7,"10,13"
1918,19,18,SEPTEMBER,9,"21,22"
1919,19,19,MAY,5,"19,20"
1919,19,19,JULY,7,"24,27"
1919,19,19,OCTOBER,10,"9,13"
1920,19,20,MAY,5,"26,27"
1920,19,20,AUGUST,8,"7,10"
1920,19,20,OCTOBER,10,"5,6"
1921,19,21,MAY,5,18
1921,19,21,AUGUST,8,"3,4"
1921,19,21,OCTOBER,10,"22,23"
1922,19,22,MAY,5,"28,29"
1922,19,22,JULY,7,"30,31"
1922,19,22,OCTOBER,10,"26,27"
1923,19,23,JUNE,6,"3,4"
1923,19,23,AUGUST,8,"5,6"
1923,19,23,OCTOBER,10,"14,15"
1924,19,24,JUNE,6,"1,2"
1924,19,24,AUGUST,8,"11,12"
1924,19,24,OCTOBER,10,"16,19"
1925,19,25,JUNE,6,"5,8"
1925,19,25,AUGUST,8,"13,14"
1925,19,25,OCTOBER,10,"20,21"
2101,21,01,MAY,5,"21,22"
2101,21,01,JULY,7,"16,17"
2101,21,01,SEPTEMBER,9,"9,10"
2101,21,01,NOVEMBER,11,"3,4"
2102,21,02,MAY,5,"26,27"
2102,21,02,JULY,7,"20,21"
2102,21,02,SEPTEMBER,9,"11,14"
2102,21,02,NOVEMBER,11,"5,6"
2103,21,03,MAY,5,"28,29"
2103,21,03,JULY,7,"22,23"
2103,21,03,SEPTEMBER,9,"15,16"
2103,21,03,NOVEMBER,11,"9,10"
2104,21,04,JUNE,6,"1,2"
2104,21,04,JULY,7,"24,27"
2104,21,04,SEPTEMBER,9,"17,18"
2104,21,04,NOVEMBER,11,"11,12"
2105,21,05,JUNE,6,"3,4"
2105,21,05,JULY,7,"28,29"
2105,21,05,SEPTEMBER,9,"21,22"
2105,21,05,NOVEMBER,11,"13,16"
2106,21,06,JUNE,6,"5,8"
2106,21,06,JULY,7,"30,31"
2106,21,06,SEPTEMBER,9,"23,24"
2106,21,06,NOVEMBER,11,"17,18"
2107,21,07,JUNE,6,"9,10"
2107,21,07,AUGUST,8,"3,4"
2107,21,07,SEPTEMBER,9,"25,28"
2107,21,07,NOVEMBER,11,"19,20"
2108,21,08,JUNE,6,"11,12"
2108,21,08,AUGUST,8,"5,6"
2108,21,08,SEPTEMBER,9,"29,30"
2109,21,09,JUNE,6,"15,16"
2109,21,09,AUGUST,8,"7,10"
2109,21,09,OCTOBER,10,"1,2"
2110,21,10,JUNE,6,"17,18"
2110,21,10,AUGUST,8,"11,12"
2110,21,10,OCTOBER,10,"5,6"
2111,21,11,JUNE,6,"19,22"
2111,21,11,AUGUST,8,"13,14"
2111,21,11,OCTOBER,10,"7,8"
2112,21,12,JUNE,6,"23,24"
2112,21,12,AUGUST,8,"17,18"
2112,21,12,OCTOBER,10,"9,13"
2113,21,13,JUNE,6,"25,26"
2113,21,13,AUGUST,8,"19,20"
2113,21,13,OCTOBER,10,"14,15"
2114,21,14,JUNE,6,"29,30"
2114,21,14,AUGUST,8,"21,24"
2114,21,14,OCTOBER,10,"16,19"
2115,21,15,JULY,7,"1,2"
2115,21,15,AUGUST,8,"25,26"
2115,21,15,OCTOBER,10,"20,21"
2116,21,16,JULY,7,"6,7"
2116,21,16,AUGUST,8,"27,28"
2116,21,16,OCTOBER,10,"22,23"
2117,21,17,JULY,7,"8,9"
2117,21,17,AUGUST,8,31
2117,21,17,SEPTEMBER,9,1
2117,21,17,OCTOBER,10,"26,27"
2118,21,18,MAY,5,18
2118,21,18,JULY,7,"10,13"
2118,21,18,SEPTEMBER,9,"2,3"
2118,21,18,OCTOBER,10,"28,29"
2119,21,19,MAY,5,"19,20"
2119,21,19,JULY,7,"14,15"
2119,21,19,SEPTEMBER,9,"4,8"
2119,21,19,OCTOBER,10,30
2119,21,19,NOVEMBER,11,2
2201,22,01,JUNE,6,"5,8"
2201,22,01,JULY,7,"16,17"
2201,22,01,AUGUST,8,"25,26"
2201,22,01,OCTOBER,10,"5,6"
2201,22,01,NOVEMBER,11,"13,16"
2202,22,02,JUNE,6,"9,10"
2202,22,02,JULY,7,"20,21"
2202,22,02,AUGUST,8,"27,28"
2202,22,02,OCTOBER,10,"7,8"
2202,22,02,NOVEMBER,11,"17,18"
2203,22,03,JUNE,6,"11,12"
2203,22,03,JULY,7,"22,23"
2203,22,03,AUGUST,8,31
2203,22,03,SEPTEMBER,9,1
2203,22,03,OCTOBER,10,"9,13"
2203,22,03,NOVEMBER,11,"19,20"
2204,22,04,JUNE,6,"15,16"
2204,22,04,JULY,7,"24,27"
2204,22,04,SEPTEMBER,9,"2,3"
2204,22,04,OCTOBER,10,"14,15"
2205,22,05,JUNE,6,"17,18"
2205,22,05,JULY,7,"28,29"
2205,22,05,SEPTEMBER,9,"4,8"
2205,22,05,OCTOBER,10,"16,19"
2206,22,06,JUNE,6,"19,22"
2206,22,06,JULY,7,"30,31"
2206,22,06,SEPTEMBER,9,"9,10"
2206,22,06,OCTOBER,10,"20,21"
2207,22,07,JUNE,6,"23,24"
2207,22,07,AUGUST,8,"3,4"
2207,22,07,SEPTEMBER,9,"11,14"
2207,22,07,OCTOBER,10,"22,23"
2208,22,08,MAY,5,18
2208,22,08,JUNE,6,"25,26"
2208,22,08,AUGUST,8,"5,6"
2208,22,08,SEPTEMBER,9,"15,16"
2208,22,08,OCTOBER,10,"26,27"
2209,22,09,MAY,5,"19,20"
2209,22,09,JUNE,6,"29,30"
2209,22,09,AUGUST,8,"7,10"
2209,22,09,SEPTEMBER,9,"17,18"
2209,22,09,OCTOBER,10,"28,29"
2210,22,10,MAY,5,"21,22"
2210,22,10,JULY,7,"1,2"
2210,22,10,AUGUST,8,"11,12"
2210,22,10,SEPTEMBER,9,"21,22"
2210,22,10,OCTOBER,10,30
2210,22,10,NOVEMBER,11,2
2211,22,11,MAY,5,"26,27"
2211,22,11,JULY,7,"6,7"
2211,22,11,AUGUST,8,"13,14"
2211,22,11,SEPTEMBER,9,"23,24"
2211,22,11,NOVEMBER,11,"3,4"
2212,22,12,MAY,5,"28,29"
2212,22,12,JULY,7,"8,9"
2212,22,12,AUGUST,8,"17,18"
2212,22,12,SEPTEMBER,9,"25,28"
2212,22,12,NOVEMBER,11,"5,6"
2213,22,13,JUNE,6,"1,2"
2213,22,13,JULY,7,"10,13"
2213,22,13,AUGUST,8,"19,20"
2213,22,13,SEPTEMBER,9,"29,30"
2213,22,13,NOVEMBER,11,"9,10"
2214,22,14,JUNE,6,"3,4"
2214,22,14,JULY,7,"14,15"
2214,22,14,AUGUST,8,"21,24"
2214,22,14,OCTOBER,10,"1,2"
2214,22,14,NOVEMBER,11,"11,12"
2401,24,01,JUNE,6,"3,4"
2401,24,01,JULY,7,"6,7"
2401,24,01,AUGUST,8,"5,6"
2401,24,01,SEPTEMBER,9,"4,8"
2401,24,01,OCTOBER,10,"7,8"
2401,24,01,NOVEMBER,11,"9,10"
2402,24,02,JUNE,6,"5,8"
2402,24,02,JULY,7,"8,9"
2402,24,02,AUGUST,8,"7,10"
2402,24,02,SEPTEMBER,9,"9,10"
2402,24,02,OCTOBER,10,"9,13"
2402,24,02,NOVEMBER,11,"11,12"
2403,24,03,JUNE,6,"9,10"
2403,24,03,JULY,7,"10,13"
2403,24,03,AUGUST,8,"11,12"
2403,24,03,SEPTEMBER,9,"11,14"
2403,24,03,OCTOBER,10,"14,15"
2403,24,03,NOVEMBER,11,"13,16"
2404,24,04,JUNE,6,"11,12"
2404,24,04,JULY,7,"14,15"
2404,24,04,AUGUST,8,"13,14"
2404,24,04,SEPTEMBER,9,"15,16"
2404,24,04,OCTOBER,10,"16,19"
2404,24,04,NOVEMBER,11,"17,18"
2405,24,05,JUNE,6,"15,16"
2405,24,05,JULY,7,"16,17"
2405,24,05,AUGUST,8,"17,18"
2405,24,05,SEPTEMBER,9,"17,18"
2405,24,05,OCTOBER,10,"20,21"
2405,24,05,NOVEMBER,11,"19,20"
2406,24,06,MAY,5,18
2406,24,06,JUNE,6,"17,18"
2406,24,06,JULY,7,"20,21"
2406,24,06,AUGUST,8,"19,20"
2406,24,06,SEPTEMBER,9,"21,22"
2406,24,06,OCTOBER,10,"22,23"
2407,24,07,MAY,5,"19,20"
2407,24,07,JUNE,6,"19,22"
2407,24,07,JULY,7,"22,23"
2407,24,07,AUGUST,8,"21,24"
2407,24,07,SEPTEMBER,9,"23,24"
2407,24,07,OCTOBER,10,"26,27"
2408,24,08,MAY,5,"21,22"
2408,24,08,JUNE,6,"23,24"
2408,24,08,JULY,7,"24,27"
2408,24,08,AUGUST,8,"25,26"
2408,24,08,SEPTEMBER,9,"25,28"
2408,24,08,OCTOBER,10,"28,29"
2409,24,09,MAY,5,"26,27"
2409,24,09,JUNE,6,"25,26"
2409,24,09,JULY,7,"28,29"
2409,24,09,AUGUST,8,"27,28"
2409,24,09,SEPTEMBER,9,"29,30"
2409,24,09,OCTOBER,10,30
2409,24,09,NOVEMBER,11,2
2410,24,10,MAY,5,"28,29"
2410,24,10,JUNE,6,"29,30"
2410,24,10,JULY,7,"30,31"
2410,24,10,AUGUST,8,31
2410,24,10,SEPTEMBER,9,1
2410,24,10,OCTOBER,10,"1,2"
2410,24,10,NOVEMBER,11,"3,4"
2411,24,11,JUNE,6,"1,2"
2411,24,11,JULY,7,"1,2"
2411,24,11,AUGUST,8,"3,4"
2411,24,11,SEPTEMBER,9,"2,3"
2411,24,11,OCTOBER,10,"5,6"
2411,24,11,NOVEMBER,11,"5,6"
2501,25,01,JUNE,6,"1,2"
2501,25,01,JULY,7,"6,7"
2501,25,01,AUGUST,8,"3,4"
2501,25,01,SEPTEMBER,9,1
2501,25,01,OCTOBER,10,"5,6"
2501,25,01,NOVEMBER,11,"2,3"
2502,25,02,JUNE,6,"3,4"
2502,25,02,JULY,7,"1,2"
2502,25,02,AUGUST,8,"5,6"
2502,25,02,SEPTEMBER,9,"2,3"
2502,25,02,OCTOBER,10,"1,7"
2502,25,02,NOVEMBER,11,"4,5"
2503,25,03,JUNE,6,"5,8"
2503,25,03,JULY,7,13
2503,25,03,AUGUST,8,"7,10"
2503,25,03,SEPTEMBER,9,"4,14"
2503,25,03,OCTOBER,10,2
2503,25,03,NOVEMBER,11,"6,9"
2504,25,04,JUNE,6,"9,10"
2504,25,04,JULY,7,"8,14"
2504,25,04,AUGUST,8,"11,12"
2504,25,04,SEPTEMBER,9,"8,9"
2504,25,04,OCTOBER,10,"13,14"
2504,25,04,NOVEMBER,11,"10,11"
2505,25,05,JUNE,6,"11,12"
2505,25,05,JULY,7,"9,10"
2505,25,05,AUGUST,8,"13,14"
2505,25,05,SEPTEMBER,9,"10,11"
2505,25,05,OCTOBER,10,"8,9"
2505,25,05,NOVEMBER,11,"12,13"
2506,25,06,MAY,5,"18,19"
2506,25,06,JUNE,6,"15,16"
2506,25,06,JULY,7,"20,21"
2506,25,06,AUGUST,8,"17,18"
2506,25,06,SEPTEMBER,9,"15,21"
2506,25,06,OCTOBER,10,"19,20"
2506,25,06,NOVEMBER,11,"16,17"
2507,25,07,MAY,5,"20,21"
2507,25,07,JUNE,6,"17,18"
2507,25,07,JULY,7,"15,16"
2507,25,07,AUGUST,8,"19,20"
2507,25,07,SEPTEMBER,9,"16,17"
2507,25,07,OCTOBER,10,"15,21"
2507,25,07,NOVEMBER,11,"18,19"
2508,25,08,JUNE,6,"19,22"
2508,25,08,JULY,7,"17,27"
2508,25,08,AUGUST,8,"21,24"
2508,25,08,SEPTEMBER,9,"18,28"
2508,25,08,OCTOBER,10,"16,26"
2508,25,08,NOVEMBER,11,"20,23"
2509,25,09,MAY,5,"26,27"
2509,25,09,JUNE,6,"23,24"
2509,25,09,JULY,7,"22,28"
2509,25,09,AUGUST,8,"25,26"
2509,25,09,SEPTEMBER,9,"22,23"
2509,25,09,OCTOBER,10,"27,28"
2509,25,09,NOVEMBER,11,"24,25"
2510,25,10,MAY,5,"22,28"
2510,25,10,JUNE,6,"25,26"
2510,25,10,JULY,7,"23,24"
2510,25,10,AUGUST,8,"27,28"
2510,25,10,SEPTEMBER,9,"24,25"
2510,25,10,OCTOBER,10,"22,23"
2510,25,10,NOVEMBER,11,27
2601,26,01,JUNE,6,"3,4"
2601,26,01,JULY,7,"6,7"
2601,26,01,AUGUST,8,"5,6"
2601,26,01,SEPTEMBER,9,"4,22"
2601,26,01,OCTOBER,10,"7,22"
2601,26,01,NOVEMBER,11,6
2602,26,02,JUNE,6,"5,22"
2602,26,02,JULY,7,"22,23"
2602,26,02,AUGUST,8,"7,24"
2602,26,02,SEPTEMBER,9,"23,24"
2602,26,02,OCTOBER,10,"23,26"
2603,26,03,MAY,5,22
2603,26,03,JUNE,6,"23,24"
2603,26,03,JULY,7,"24,27"
2603,26,03,AUGUST,8,"25,26"
2603,26,03,SEPTEMBER,9,"25,28"
2603,26,03,OCTOBER,10,"27,28"
2604,26,04,MAY,5,"26,27"
2604,26,04,JUNE,6,"25,26"
2604,26,04,JULY,7,"28,29"
2604,26,04,AUGUST,8,"27,28"
2604,26,04,SEPTEMBER,9,"29,30"
2604,26,04,OCTOBER,10,"29,30"
2605,26,05,JUNE,6,"11,12"
2605,26,05,JULY,7,"9,10"
2605,26,05,AUGUST,8,"13,14"
2605,26,05,SEPTEMBER,9,"10,11"
2605,26,05,OCTOBER,10,"8,9"
2605,26,05,NOVEMBER,11,"12,13"
2606,26,06,JUNE,6,"8,15"
2606,26,06,JULY,7,"13,20"
2606,26,06,AUGUST,8,"10,17"
2606,26,06,SEPTEMBER,9,"14,21"
2606,26,06,OCTOBER,10,19
2606,26,06,NOVEMBER,11,"9,16"
2607,26,07,JUNE,6,"9,10"
2607,26,07,JULY,7,"8,14"
2607,26,07,AUGUST,8,"11,12"
2607,26,07,SEPTEMBER,9,"8,9"
2607,26,07,OCTOBER,10,"13,14"
2607,26,07,NOVEMBER,11,"10,11"
2608,26,08,MAY,5,21
2608,26,08,JUNE,6,"18,19"
2608,26,08,JULY,7,"16,17"
2608,26,08,AUGUST,8,"20,21"
2608,26,08,SEPTEMBER,9,"17,18"
2608,26,08,OCTOBER,10,"15,16"
2608,26,08,NOVEMBER,11,"19,20"
2609,26,09,MAY,5,"19,20"
2609,26,09,JUNE,6,"16,17"
2609,26,09,JULY,7,"15,21"
2609,26,09,AUGUST,8,"18,19"
2609,26,09,SEPTEMBER,9,"15,16"
2609,26,09,OCTOBER,10,"20,21"
2609,26,09,NOVEMBER,11,"17,18"
2610,26,10,MAY,5,"28,29"
2610,26,10,JUNE,6,"29,30"
2610,26,10,JULY,7,"30,31"
2610,26,10,AUGUST,8,31
2610,26,10,SEPTEMBER,9,1
2610,26,10,OCTOBER,10,"1,2"
2610,26,10,NOVEMBER,11,"2,3"
2611,26,11,JUNE,6,"1,2"
2611,26,11,JULY,7,"1,2"
2611,26,11,AUGUST,8,"3,4"
2611,26,11,SEPTEMBER,9,"2,3"
2611,26,11,OCTOBER,10,"5,6"
2611,26,11,NOVEMBER,11,"4,5"
2701,27,01,MAY,5,"18,19"
2701,27,01,JUNE,6,30
2701,27,01,JULY,7,1
2701,27,01,AUGUST,8,"12,13"
2701,27,01,SEPTEMBER,9,"24,25"
2701,27,01,NOVEMBER,11,"6,9"
2702,27,02,MAY,5,"20,21"
2702,27,02,JULY,7,"2,6"
2702,27,02,AUGUST,8,"14,17"
2702,27,02,SEPTEMBER,9,"28,29"
2702,27,02,NOVEMBER,11,"10,11"
2703,27,03,MAY,5,"22,26"
2703,27,03,JULY,7,"7,8"
2703,27,03,AUGUST,8,"18,19"
2703,27,03,SEPTEMBER,9,30
2703,27,03,OCTOBER,10,1
2703,27,03,NOVEMBER,11,"12,13"
2704,27,04,MAY,5,"27,28"
2704,27,04,JULY,7,"9,10"
2704,27,04,AUGUST,8,"20,21"
2704,27,04,OCTOBER,10,"2,5"
2704,27,04,NOVEMBER,11,"16,17"
2705,27,05,MAY,5,29
2705,27,05,JUNE,6,1
2705,27,05,JULY,7,"13,14"
2705,27,05,AUGUST,8,"24,25"
2705,27,05,OCTOBER,10,"6,7"
2705,27,05,NOVEMBER,11,"18,19"
2706,27,06,JUNE,6,"2,3"
2706,27,06,JULY,7,"15,16"
2706,27,06,AUGUST,8,"26,27"
2706,27,06,OCTOBER,10,"8,9"
2706,27,06,NOVEMBER,11,"20,23"
2707,27,07,JUNE,6,"4,5"
2707,27,07,JULY,7,"17,20"
2707,27,07,AUGUST,8,"28,31"
2707,27,07,OCTOBER,10,"13,14"
2707,27,07,NOVEMBER,11,"24,25"
2708,27,08,JUNE,6,"8,9"
2708,27,08,JULY,7,"21,22"
2708,27,08,SEPTEMBER,9,"1,2"
2708,27,08,OCTOBER,10,"15,16"
2708,27,08,NOVEMBER,11,"27,30"
2709,27,09,JUNE,6,"10,11"
2709,27,09,JULY,7,"23,24"
2709,27,09,SEPTEMBER,9,"3,4"
2709,27,09,OCTOBER,10,"19,20"
2710,27,10,JUNE,6,"12,15"
2710,27,10,JULY,7,"27,28"
2710,27,10,SEPTEMBER,9,"8,9"
2710,27,10,OCTOBER,10,"21,22"
2711,27,11,JUNE,6,"16,17"
2711,27,11,JULY,7,"29,30"
2711,27,11,SEPTEMBER,9,"10,11"
2711,27,11,OCTOBER,10,"23,25"
2712,27,12,JUNE,6,"18,19"
2712,27,12,JULY,7,31
2712,27,12,AUGUST,8,3
2712,27,12,SEPTEMBER,9,"14,15"
2712,27,12,OCTOBER,10,"27,28"
2713,27,13,JUNE,6,"22,23"
2713,27,13,AUGUST,8,"4,5"
2713,27,13,SEPTEMBER,9,"16,17"
2713,27,13,OCTOBER,10,"29,30"
2714,27,14,JUNE,6,"24,25"
2714,27,14,AUGUST,8,"6,7"
2714,27,14,SEPTEMBER,9,"18,21"
2714,27,14,NOVEMBER,11,"2,3"
2715,27,15,JUNE,6,"26,29"
2715,27,15,AUGUST,8,"10,11"
2715,27,15,SEPTEMBER,9,"29,30"
2715,27,15,NOVEMBER,11,"4,5"
2801,28,01,JUNE,6,"15,16"
2801,28,01,JULY,7,"22,23"
2801,28,01,AUGUST,8,"27,28"
2801,28,01,OCTOBER,10,"5,6"
2801,28,01,NOVEMBER,11,"11,12"
2802,28,02,JUNE,6,"17,18"
2802,28,02,JULY,7,"24,27"
2802,28,02,AUGUST,8,31
2802,28,02,SEPTEMBER,9,1
2802,28,02,OCTOBER,10,"7,8"
2802,28,02,NOVEMBER,11,"13,16"
2803,28,03,JUNE,6,"19,22"
2803,28,03,JULY,7,"28,29"
2803,28,03,SEPTEMBER,9,"2,3"
2803,28,03,OCTOBER,10,"9,13"
2803,28,03,NOVEMBER,11,"17,18"
2804,28,04,MAY,5,18
2804,28,04,JUNE,6,"23,24"
2804,28,04,JULY,7,"30,31"
2804,28,04,SEPTEMBER,9,"4,8"
2804,28,04,OCTOBER,10,"14,15"
2804,28,04,NOVEMBER,11,"19,20"
2805,28,05,MAY,5,"19,20"
2805,28,05,JUNE,6,"25,26"
2805,28,05,AUGUST,8,"3,4"
2805,28,05,SEPTEMBER,9,"9,10"
2805,28,05,OCTOBER,10,"16,19"
2806,28,06,MAY,5,"21,22"
2806,28,06,JUNE,6,"29,30"
2806,28,06,AUGUST,8,"5,6"
2806,28,06,SEPTEMBER,9,"11,14"
2806,28,06,OCTOBER,10,"20,21"
2807,28,07,MAY,5,"26,27"
2807,28,07,JULY,7,"1,2"
2807,28,07,AUGUST,8,"7,10"
2807,28,07,SEPTEMBER,9,"15,16"
2807,28,07,OCTOBER,10,"22,23"
2808,28,08,MAY,5,"28,29"
2808,28,08,JULY,7,"6,7"
2808,28,08,AUGUST,8,"11,12"
2808,28,08,SEPTEMBER,9,"17,18"
2808,28,08,OCTOBER,10,"26,27"
2809,28,09,JUNE,6,"1,2"
2809,28,09,JULY,7,"8,9"
2809,28,09,AUGUST,8,"13,14"
2809,28,09,SEPTEMBER,9,"21,22"
2809,28,09,OCTOBER,10,"28,29"
2810,28,10,JUNE,6,"3,4"
2810,28,10,JULY,7,"10,13"
2810,28,10,AUGUST,8,"17,18"
2810,28,10,SEPTEMBER,9,"23,24"
2810,28,10,OCTOBER,10,30
2810,28,10,NOVEMBER,11,2
2811,28,11,JUNE,6,"5,8"
2811,28,11,JULY,7,"14,15"
2811,28,11,AUGUST,8,"19,20"
2811,28,11,SEPTEMBER,9,"25,28"
2811,28,11,NOVEMBER,11,"3,4"
2812,28,12,JUNE,6,"9,10"
2812,28,12,JULY,7,"16,17"
2812,28,12,AUGUST,8,"21,24"
2812,28,12,SEPTEMBER,9,"29,30"
2812,28,12,NOVEMBER,11,"5,6"
2813,28,13,JUNE,6,"11,12"
2813,28,13,JULY,7,"20,21"
2813,28,13,AUGUST,8,"25,26"
2813,28,13,OCTOBER,10,"1,2"
2813,28,13,NOVEMBER,11,"9,10"
2901,29,01,JULY,7,"30,31"
2901,29,01,SEPTEMBER,9,"9,10"
2901,29,01,OCTOBER,10,"20,21"
2902,29,02,JUNE,6,"23,24"
2902,29,02,AUGUST,8,"3,4"
2902,29,02,SEPTEMBER,9,"11,14"
2902,29,02,OCTOBER,10,"22,23"
2903,29,03,MAY,5,18
2903,29,03,JUNE,6,"25,26"
2903,29,03,AUGUST,8,"5,6"
2903,29,03,SEPTEMBER,9,"15,16"
2903,29,03,OCTOBER,10,"26,27"
2904,29,04,MAY,5,"19,20"
2904,29,04,JUNE,6,"29,30"
2904,29,04,AUGUST,8,"7,10"
2904,29,04,SEPTEMBER,9,"17,18"
2904,29,04,OCTOBER,10,"28,29"
2905,29,05,MAY,5,"21,22"
2905,29,05,JULY,7,"1,2"
2905,29,05,AUGUST,8,"11,12"
2905,29,05,SEPTEMBER,9,"21,22"
2905,29,05,OCTOBER,10,30
2905,29,05,NOVEMBER,11,2
2906,29,06,MAY,5,"26,27"
2906,29,06,JULY,7,"6,7"
2906,29,06,AUGUST,8,"13,14"
2906,29,06,SEPTEMBER,9,"23,24"
2906,29,06,NOVEMBER,11,"3,4"
2907,29,07,MAY,5,"28,29"
2907,29,07,JULY,7,"8,9"
2907,29,07,AUGUST,8,"17,18"
2907,29,07,SEPTEMBER,9,"25,28"
2907,29,07,NOVEMBER,11,"5,6"
2908,29,08,JUNE,6,"1,2"
2908,29,08,JULY,7,"10,13"
2908,29,08,AUGUST,8,"19,20"
2908,29,08,SEPTEMBER,9,"29,30"
2908,29,08,NOVEMBER,11,"9,10"
2909,29,09,JUNE,6,"3,4"
2909,29,09,JULY,7,"14,15"
2909,29,09,AUGUST,8,"21,24"
2909,29,09,OCTOBER,10,"1,2"
2909,29,09,NOVEMBER,11,"11,12"
2910,29,10,JUNE,6,"5,8"
2910,29,10,JULY,7,"16,17"
2910,29,10,AUGUST,8,"25,26"
2910,29,10,OCTOBER,10,"5,6"
2910,29,10,NOVEMBER,11,"13,16"
2911,29,11,JUNE,6,"9,10"
2911,29,11,JULY,7,"20,21"
2911,29,11,AUGUST,8,"27,28"
2911,29,11,OCTOBER,10,"7,8"
2911,29,11,NOVEMBER,11,"17,18"
2912,29,12,JUNE,6,"11,12"
2912,29,12,JULY,7,"22,23"
2912,29,12,AUGUST,8,31
2912,29,12,SEPTEMBER,9,1
2912,29,12,OCTOBER,10,"9,13"
2912,29,12,NOVEMBER,11,"19,20"
2913,29,13,JUNE,6,"15,16"
2913,29,13,JULY,7,"24,27"
2913,29,13,SEPTEMBER,9,"2,3"
2913,29,13,OCTOBER,10,"14,15"
2914,29,14,JUNE,6,"17,18"
2914,29,14,JULY,7,"28,29"
2914,29,14,SEPTEMBER,9,"4,8"
2914,29,14,OCTOBER,10,"16,19"
3001,30,01,MAY,5,29
3001,30,01,JUNE,6,"1,26,29"
3001,30,01,JULY,7,"27,28"
3001,30,01,AUGUST,8,"24,25"
3001,30,01,SEPTEMBER,9,"22,23"
3001,30,01,OCTOBER,10,"21,22"
3001,30,01,NOVEMBER,11,"18,19"
3002,30,02,JUNE,6,"2,3,30"
3002,30,02,JULY,7,"1,29,30"
3002,30,02,AUGUST,8,"26,27"
3002,30,02,SEPTEMBER,9,"24,25"
3002,30,02,OCTOBER,10,"23,26"
3003,30,03,JUNE,6,"4,5"
3003,30,03,JULY,7,"2,6,31"
3003,30,03,AUGUST,8,"3,28,31"
3003,30,03,SEPTEMBER,9,"28,29"
3003,30,03,OCTOBER,10,"27,28"
3004,30,04,JUNE,6,"8,9"
3004,30,04,JULY,7,"7,8"
3004,30,04,AUGUST,8,"4,5"
3004,30,04,SEPTEMBER,9,"1,2"
3004,30,04,OCTOBER,10,"1,29,30"
3004,30,04,NOVEMBER,11,1
3005,30,05,JUNE,6,"10,11"
3005,30,05,JULY,7,"9,10"
3005,30,05,AUGUST,8,"6,7"
3005,30,05,SEPTEMBER,9,"3,4"
3005,30,05,OCTOBER,10,"2,5"
3005,30,05,NOVEMBER,11,"2,3"
3006,30,06,JUNE,6,"12,15"
3006,30,06,JULY,7,"13,14"
3006,30,06,AUGUST,8,"10,11"
3006,30,06,SEPTEMBER,9,"8,9"
3006,30,06,OCTOBER,10,"6,7"
3006,30,06,NOVEMBER,11,"4,5"
3007,30,07,MAY,5,"18,19"
3007,30,07,JUNE,6,"16,17"
3007,30,07,JULY,7,"15,16"
3007,30,07,AUGUST,8,"12,13"
3007,30,07,SEPTEMBER,9,"10,11"
3007,30,07,OCTOBER,10,"8,9"
3007,30,07,NOVEMBER,11,"6,9"
3008,30,08,MAY,5,"20,21"
3008,30,08,JUNE,6,"18,19"
3008,30,08,JULY,7,"17,20"
3008,30,08,AUGUST,8,"14,17"
3008,30,08,SEPTEMBER,9,"14,15"
3008,30,08,OCTOBER,10,"13,14"
3008,30,08,NOVEMBER,11,"10,11"
3009,30,09,MAY,5,"22,26"
3009,30,09,JUNE,6,"22,23"
3009,30,09,JULY,7,"21,22"
3009,30,09,AUGUST,8,"18,19"
3009,30,09,SEPTEMBER,9,"16,17"
3009,30,09,OCTOBER,10,"15,16"
3009,30,09,NOVEMBER,11,"12,13"
3010,30,10,MAY,5,"27,28"
3010,30,10,JUNE,6,"24,25"
3010,30,10,JULY,7,"23,24"
3010,30,10,AUGUST,8,"20,21"
3010,30,10,SEPTEMBER,9,"18,21"
3010,30,10,OCTOBER,10,"19,20"
3010,30,10,NOVEMBER,11,"16,17"
3101,31,01,MAY,5,29
3101,31,01,JUNE,6,1
3101,31,01,JULY,7,"2,6"
3101,31,01,AUGUST,8,"6,7"
3101,31,01,SEPTEMBER,9,"10,11"
3101,31,01,OCTOBER,10,"15,16"
3101,31,01,NOVEMBER,11,"18,19"
3102,31,02,JUNE,6,"2,3"
3102,31,02,JULY,7,"7,8"
3102,31,02,AUGUST,8,"10,11"
3102,31,02,SEPTEMBER,9,"14,15"
3102,31,02,OCTOBER,10,"19,20"
3103,31,03,JUNE,6,"4,5"
3103,31,03,JULY,7,"9,10"
3103,31,03,AUGUST,8,"12,13"
3103,31,03,SEPTEMBER,9,"16,17"
3103,31,03,OCTOBER,10,"21,22"
3103,31,03,NOVEMBER,11,20
3104,31,04,JUNE,6,"8,9"
3104,31,04,JULY,7,"13,14"
3104,31,04,AUGUST,8,"14,17"
3104,31,04,SEPTEMBER,9,"18,21"
3104,31,04,OCTOBER,10,"23,26"
3105,31,05,JUNE,6,"10,11"
3105,31,05,JULY,7,"15,16"
3105,31,05,AUGUST,8,"18,19"
3105,31,05,SEPTEMBER,9,"22,23"
3105,31,05,NOVEMBER,11,"27,28"
3106,31,06,JUNE,6,"12,15"
3106,31,06,JULY,7,"17,20"
3106,31,06,AUGUST,8,"20,21"
3106,31,06,SEPTEMBER,9,"24,25"
3106,31,06,OCTOBER,10,"29,30"
3107,31,07,JUNE,6,"16,17"
3107,31,07,JULY,7,"21,22"
3107,31,07,AUGUST,8,"24,25"
3107,31,07,SEPTEMBER,9,"28,29"
3107,31,07,NOVEMBER,11,"2,3"
3108,31,08,JUNE,6,"18,19"
3108,31,08,JULY,7,"23,24"
3108,31,08,AUGUST,8,"26,27"
3108,31,08,SEPTEMBER,9,30
3108,31,08,OCTOBER,10,1
3108,31,08,NOVEMBER,11,"4,5"
3109,31,09,MAY,5,"18,19"
3109,31,09,JUNE,6,"22,23"
3109,31,09,JULY,7,"27,28"
3109,31,09,AUGUST,8,"28,31"
3109,31,09,OCTOBER,10,"2,5"
3109,31,09,NOVEMBER,11,"6,9"
3110,31,10,MAY,5,"20,21"
3110,31,10,JUNE,6,"24,25"
3110,31,10,JULY,7,"29,30"
3110,31,10,SEPTEMBER,9,"1,2"
3110,31,10,OCTOBER,10,"6,7"
3110,31,10,NOVEMBER,11,"10,11"
3111,31,11,MAY,5,"22,26"
3111,31,11,JUNE,6,"26,29"
3111,31,11,JULY,7,31
3111,31,11,AUGUST,8,3
3111,31,11,SEPTEMBER,9,"3,4"
3111,31,11,OCTOBER,10,"8,9"
3111,31,11,NOVEMBER,11,"12,13"
3112,31,12,MAY,5,"27,28"
3112,31,12,JUNE,6,30
3112,31,12,JULY,7,1
3112,31,12,AUGUST,8,"4,5"
3112,31,12,SEPTEMBER,9,"8,9"
3112,31,12,OCTOBER,10,"13,14"
3112,31,12,NOVEMBER,11,"16,17"
3201,32,01,MAY,5,"18,19"
3201,32,01,JUNE,6,"18,19"
3201,32,01,JULY,7,"21,22"
3201,32,01,AUGUST,8,"20,21"
3201,32,01,SEPTEMBER,9,"22,23"
3201,32,01,OCTOBER,10,"23,26"
3202,32,02,MAY,5,"20,21"
3202,32,02,JUNE,6,"22,23"
3202,32,02,JULY,7,"23,24"
3202,32,02,AUGUST,8,"24,25"
3202,32,02,SEPTEMBER,9,"24,25"
3202,32,02,OCTOBER,10,"27,28"
3203,32,03,MAY,5,"22,26"
3203,32,03,JUNE,6,"24,25"
3203,32,03,JULY,7,"27,28"
3203,32,03,AUGUST,8,"26,27"
3203,32,03,SEPTEMBER,9,"28,29"
3203,32,03,OCTOBER,10,"29,30"
3204,32,04,MAY,5,"27,28"
3204,32,04,JUNE,6,"26,29"
3204,32,04,JULY,7,"29,30"
3204,32,04,AUGUST,8,"28,31"
3204,32,04,SEPTEMBER,9,30
3204,32,04,OCTOBER,10,1
3204,32,04,NOVEMBER,11,"2,3"
3205,32,05,MAY,5,29
3205,32,05,JUNE,6,"1,30"
3205,32,05,JULY,7,"1,31"
3205,32,05,AUGUST,8,3
3205,32,05,SEPTEMBER,9,"1,2"
3205,32,05,OCTOBER,10,"2,5"
3205,32,05,NOVEMBER,11,"4,5"
3206,32,06,JUNE,6,"2,3"
3206,32,06,JULY,7,"2,6"
3206,32,06,AUGUST,8,"4,5"
3206,32,06,SEPTEMBER,9,"3,4"
3206,32,06,OCTOBER,10,"6,7"
3206,32,06,NOVEMBER,11,"6,9"
3207,32,07,JUNE,6,"4,5"
3207,32,07,JULY,7,"7,8"
3207,32,07,AUGUST,8,"6,7"
3207,32,07,SEPTEMBER,9,"8,9"
3207,32,07,OCTOBER,10,"8,9"
3207,32,07,NOVEMBER,11,"10,11"
3208,32,08,JUNE,6,"8,9"
3208,32,08,JULY,7,"9,10"
3208,32,08,AUGUST,8,"10,11"
3208,32,08,SEPTEMBER,9,"10,11"
3208,32,08,OCTOBER,10,"13,14"
3208,32,08,NOVEMBER,11,"12,13"
3209,32,09,JUNE,6,"10,11"
3209,32,09,JULY,7,"13,14"
3209,32,09,AUGUST,8,"12,13"
3209,32,09,SEPTEMBER,9,"14,15"
3209,32,09,OCTOBER,10,"15,16"
3209,32,09,NOVEMBER,11,"16,17"
3210,32,10,JUNE,6,"12,15"
3210,32,10,JULY,7,"15,16"
3210,32,10,AUGUST,8,"14,17"
3210,32,10,SEPTEMBER,9,"16,17"
3210,32,10,OCTOBER,10,"19,20"
3210,32,10,NOVEMBER,11,"18,19"
3211,32,11,JUNE,6,"16,17"
3211,32,11,JULY,7,"17,20"
3211,32,11,AUGUST,8,"18,19"
3211,32,11,SEPTEMBER,9,"18,21"
3211,32,11,OCTOBER,10,"21,22"
3301,33,01,JUNE,6,"10,11"
3301,33,01,JULY,7,"21,22"
3301,33,01,AUGUST,8,"28,31"
3301,33,01,OCTOBER,10,"8,9"
3301,33,01,NOVEMBER,11,"18,19"
3302,33,02,JUNE,6,"8,9"
3302,33,02,JULY,7,"17,20"
3302,33,02,AUGUST,8,"26,27"
3302,33,02,OCTOBER,10,"6,7"
3302,33,02,NOVEMBER,11,"16,17"
3303,33,03,JUNE,6,"4,5"
3303,33,03,JULY,7,"15,16"
3303,33,03,AUGUST,8,"24,25"
3303,33,03,OCTOBER,10,"2,5"
3303,33,03,NOVEMBER,11,"12,13"
3304,33,04,JUNE,6,"2,3"
3304,33,04,JULY,7,"13,14"
3304,33,04,AUGUST,8,"20,21"
3304,33,04,SEPTEMBER,9,30
3304,33,04,OCTOBER,10,1
3304,33,04,NOVEMBER,11,"10,11"
3305,33,05,MAY,5,29
3305,33,05,JUNE,6,1
3305,33,05,JULY,7,"9,10"
3305,33,05,AUGUST,8,"18,19"
3305,33,05,SEPTEMBER,9,"28,29"
3305,33,05,NOVEMBER,11,"6,9"
3306,33,06,MAY,5,"27,28"
3306,33,06,JULY,7,"7,8"
3306,33,06,AUGUST,8,"14,17"
3306,33,06,SEPTEMBER,9,"24,25"
3306,33,06,NOVEMBER,11,"4,5"
3307,33,07,MAY,5,"22,26"
3307,33,07,JULY,7,"2,6"
3307,33,07,AUGUST,8,"12,13"
3307,33,07,SEPTEMBER,9,"22,23"
3307,33,07,NOVEMBER,11,"2,3"
3308,33,08,MAY,5,"20,21"
3308,33,08,JUNE,6,30
3308,33,08,JULY,7,1
3308,33,08,AUGUST,8,"10,11"
3308,33,08,SEPTEMBER,9,"18,21"
3308,33,08,OCTOBER,10,"29,30"
3309,33,09,MAY,5,"18,19"
3309,33,09,JUNE,6,"26,29"
3309,33,09,AUGUST,8,"6,7"
3309,33,09,SEPTEMBER,9,"16,17"
3309,33,09,OCTOBER,10,"27,28"
3310,33,10,JUNE,6,"24,25"
3310,33,10,AUGUST,8,"4,5"
3310,33,10,SEPTEMBER,9,"14,15"
3310,33,10,OCTOBER,10,"23,26"
3311,33,11,JUNE,6,"22,23"
3311,33,11,JULY,7,31
3311,33,11,AUGUST,8,3
3311,33,11,SEPTEMBER,9,"10,11"
3311,33,11,OCTOBER,10,"21,22"
3312,33,12,JUNE,6,"18,19"
3312,33,12,JULY,7,"29,30"
3312,33,12,SEPTEMBER,9,"8,9"
3312,33,12,OCTOBER,10,"19,20"
3313,33,13,JUNE,6,"16,17"
3313,33,13,JULY,7,"27,28"
3313,33,13,SEPTEMBER,9,"3,4"
3313,33,13,OCTOBER,10,"15,16"
3313,33,13,NOVEMBER,11,"24,25"
3314,33,14,JUNE,6,"12,15"
3314,33,14,JULY,7,"23,24"
3314,33,14,SEPTEMBER,9,"1,2"
3314,33,14,OCTOBER,10,"13,14"
3314,33,14,NOVEMBER,11,"20,23"
3401,34,01,JUNE,6,"17,18"
3401,34,01,AUGUST,8,"25,26"
3401,34,01,NOVEMBER,11,"12,13"
3402,34,02,JUNE,6,"19,22"
3402,34,02,AUGUST,8,"27,28"
3402,34,02,NOVEMBER,11,"16,17"
3403,34,03,JUNE,6,"23,24"
3403,34,03,AUGUST,8,31
3403,34,03,SEPTEMBER,9,1
3403,34,03,NOVEMBER,11,"18,19"
3404,34,04,JUNE,6,"25,26"
3404,34,04,SEPTEMBER,9,"2,3"
3404,34,04,NOVEMBER,11,20
3405,34,05,JUNE,6,"29,30"
3405,34,05,SEPTEMBER,9,"4,8"
3406,34,06,JULY,7,"1,2"
3406,34,06,SEPTEMBER,9,"9,10"
3407,34,07,JULY,7,"6,7"
3407,34,07,SEPTEMBER,9,"11,14"
3408,34,08,JULY,7,"8,9"
3408,34,08,SEPTEMBER,9,"15,16"
3409,34,09,JULY,7,"10,13"
3409,34,09,SEPTEMBER,9,"17,18"
3410,34,10,JULY,7,"14,15"
3410,34,10,SEPTEMBER,9,"21,22"
3411,34,11,SEPTEMBER,9,"23,24"
3412,34,12,JULY,7,"16,17"
3412,34,12,SEPTEMBER,9,"25,28"
3413,34,13,SEPTEMBER,9,"29,30"
3414,34,14,JULY,7,"20,21"
3414,34,14,OCTOBER,10,"1,2"
3415,34,15,OCTOBER,10,"5,6"
3416,34,16,JULY,7,"22,23"
3416,34,16,OCTOBER,10,"7,8"
3417,34,17,MAY,5,18
3417,34,17,JULY,7,"24,27"
3417,34,17,OCTOBER,10,"9,13"
3418,34,18,MAY,5,"19,20"
3418,34,18,JULY,7,"28,29"
3418,34,18,OCTOBER,10,"14,15"
3419,34,19,MAY,5,"21,22"
3419,34,19,JULY,7,"30,31"
3419,34,19,OCTOBER,10,"16,19"
3420,34,20,MAY,5,"26,27"
3420,34,20,AUGUST,8,"3,4"
3420,34,20,OCTOBER,10,"20,21"
3421,34,21,MAY,5,"28,29"
3421,34,21,AUGUST,8,"5,6"
3421,34,21,OCTOBER,10,"22,23"
3422,34,22,JUNE,6,"1,2"
3422,34,22,AUGUST,8,"7,10"
3422,34,22,OCTOBER,10,"26,27"
3423,34,23,JUNE,6,"3,4"
3423,34,23,AUGUST,8,"11,12"
3423,34,23,OCTOBER,10,"28,29"
3424,34,24,JUNE,6,"5,8"
3424,34,24,AUGUST,8,"13,14"
3424,34,24,OCTOBER,10,30
3424,34,24,NOVEMBER,11,2
3425,34,25,JUNE,6,"9,10"
3425,34,25,AUGUST,8,"17,18"
3425,34,25,NOVEMBER,11,"3,4"
3426,34,26,JUNE,6,"11,12"
3426,34,26,AUGUST,8,"19,20"
3426,34,26,NOVEMBER,11,"5,6"
3427,34,27,JUNE,6,"15,16"
3427,34,27,AUGUST,8,"21,24"
3427,34,27,NOVEMBER,11,"9,10"
3501,35,01,MAY,5,"18,19"
3501,35,01,JUNE,6,"18,19"
3501,35,01,JULY,7,"21,22"
3501,35,01,AUGUST,8,"20,21"
3501,35,01,SEPTEMBER,9,"22,23"
3501,35,01,OCTOBER,10,"23,26"
3502,35,02,MAY,5,"20,21"
3502,35,02,JUNE,6,"22,23"
3502,35,02,JULY,7,"23,24"
3502,35,02,AUGUST,8,"24,25"
3502,35,02,SEPTEMBER,9,"24,25"
3502,35,02,OCTOBER,10,"27,28"
3503,35,03,MAY,5,"22,26"
3503,35,03,JUNE,6,"24,25"
3503,35,03,JULY,7,"27,28"
3503,35,03,AUGUST,8,"26,27"
3503,35,03,SEPTEMBER,9,"28,29"
3503,35,03,OCTOBER,10,"29,30"
3504,35,04,MAY,5,"27,28"
3504,35,04,JUNE,6,"26,29"
3504,35,04,JULY,7,"29,30"
3504,35,04,AUGUST,8,"28,31"
3504,35,04,SEPTEMBER,9,30
3504,35,04,OCTOBER,10,1
3504,35,04,NOVEMBER,11,"2,3"
3505,35,05,MAY,5,29
3505,35,05,JUNE,6,"1,30"
3505,35,05,JULY,7,"1,31"
3505,35,05,AUGUST,8,3
3505,35,05,SEPTEMBER,9,"1,2"
3505,35,05,OCTOBER,10,"2,5"
3505,35,05,NOVEMBER,11,"4,5"
3506,35,06,JUNE,6,"2,3"
3506,35,06,JULY,7,"2,6"
3506,35,06,AUGUST,8,"4,5"
3506,35,06,SEPTEMBER,9,"3,4"
3506,35,06,OCTOBER,10,"6,7"
3506,35,06,NOVEMBER,11,"6,9"
3507,35,07,JUNE,6,"4,5"
3507,35,07,JULY,7,"7,8"
3507,35,07,AUGUST,8,"6,7"
3507,35,07,SEPTEMBER,9,"8,9"
3507,35,07,OCTOBER,10,"8,9"
3507,35,07,NOVEMBER,11,"10,11"
3508,35,08,JUNE,6,"8,9"
3508,35,08,JULY,7,"9,10"
3508,35,08,AUGUST,8,"10,11"
3508,35,08,SEPTEMBER,9,"10,11"
3508,35,08,OCTOBER,10,"13,14"
3508,35,08,NOVEMBER,11,"12,13"
3509,35,09,JUNE,6,"10,11"
3509,35,09,JULY,7,"13,14"
3509,35,09,AUGUST,8,"12,13"
3509,35,09,SEPTEMBER,9,"14,15"
3509,35,09,OCTOBER,10,"15,16"
3509,35,09,NOVEMBER,11,"16,17"
3510,35,10,JUNE,6,"12,15"
3510,35,10,JULY,7,"15,16"
3510,35,10,AUGUST,8,"14,17"
3510,35,10,SEPTEMBER,9,"16,17"
3510,35,10,OCTOBER,10,"19,20"
3510,35,10,NOVEMBER,11,"18,19"
3511,35,11,JUNE,6,"16,17"
3511,35,11,JULY,7,"17,20"
3511,35,11,AUGUST,8,"18,19"
3511,35,11,SEPTEMBER,9,"18,21"
3511,35,11,OCTOBER,10,"21,22"
3601,36,01,MAY,5,"18,19"
3601,36,01,JUNE,6,"18,19"
3601,36,01,JULY,7,"21,22"
3601,36,01,AUGUST,8,"20,21"
3601,36,01,SEPTEMBER,9,"22,23"
3601,36,01,OCTOBER,10,"23,26"
3602,36,02,MAY,5,"20,21"
3602,36,02,JUNE,6,"22,23"
3602,36,02,JULY,7,"23,24"
3602,36,02,AUGUST,8,"24,25"
3602,36,02,SEPTEMBER,9,"24,25"
3602,36,02,OCTOBER,10,"27,28"
3603,36,03,MAY,5,"22,26"
3603,36,03,JUNE,6,"24,25"
3603,36,03,JULY,7,"27,28"
3603,36,03,AUGUST,8,"26,27"
3603,36,03,SEPTEMBER,9,"28,29"
3603,36,03,OCTOBER,10,"29,30"
3604,36,04,MAY,5,"27,28"
3604,36,04,JUNE,6,"26,29"
3604,36,04,JULY,7,"29,30"
3604,36,04,AUGUST,8,"28,31"
3604,36,04,SEPTEMBER,9,30
3604,36,04,OCTOBER,10,1
3604,36,04,NOVEMBER,11,"2,3"
3605,36,05,MAY,5,29
3605,36,05,JUNE,6,"1,30"
3605,36,05,JULY,7,"1,31"
3605,36,05,AUGUST,8,3
3605,36,05,SEPTEMBER,9,"1,2"
3605,36,05,OCTOBER,10,"2,5"
3605,36,05,NOVEMBER,11,"4,5"
3606,36,06,JUNE,6,"2,3"
3606,36,06,JULY,7,"2,6"
3606,36,06,AUGUST,8,"4,5"
3606,36,06,SEPTEMBER,9,"3,4"
3606,36,06,OCTOBER,10,"6,7"
3606,36,06,NOVEMBER,11,"6,9"
3607,36,07,JUNE,6,"4,5"
3607,36,07,JULY,7,"7,8"
3607,36,07,AUGUST,8,"6,7"
3607,36,07,SEPTEMBER,9,"8,9"
3607,36,07,OCTOBER,10,"8,9"
3607,36,07,NOVEMBER,11,"10,11"
3608,36,08,JUNE,6,"8,9"
3608,36,08,JULY,7,"9,10"
3608,36,08,AUGUST,8,"10,11"
3608,36,08,SEPTEMBER,9,"10,11"
3608,36,08,OCTOBER,10,"13,14"
3608,36,08,NOVEMBER,11,"12,13"
3609,36,09,JUNE,6,"10,11"
3609,36,09,JULY,7,"13,14"
3609,36,09,AUGUST,8,"12,13"
3609,36,09,SEPTEMBER,9,"14,15"
3609,36,09,OCTOBER,10,"15,16"
3609,36,09,NOVEMBER,11,"16,17"
3610,36,10,JUNE,6,"12,15"
3610,36,10,JULY,7,"15,16"
3610,36,10,AUGUST,8,"14,17"
3610,36,10,SEPTEMBER,9,"16,17"
3610,36,10,OCTOBER,10,"19,20"
3610,36,10,NOVEMBER,11,"18,19"
3611,36,11,JUNE,6,"16,17"
3611,36,11,JULY,7,"17,20"
3611,36,11,AUGUST,8,"18,19"
3611,36,11,SEPTEMBER,9,"18,21"
3611,36,11,OCTOBER,10,"21,22"
3611,36,11,NOVEMBER,11,"20,23"
3701,37,01,JUNE,6,"16,17"
3701,37,01,JULY,7,"27,28"
3701,37,01,SEPTEMBER,9,"3,4"
3701,37,01,OCTOBER,10,"15,16"
3702,37,02,JUNE,6,"18,19"
3702,37,02,JULY,7,"29,30"
3702,37,02,SEPTEMBER,9,"8,9"
3702,37,02,OCTOBER,10,"19,20"
3704,37,04,JUNE,6,"24,25"
3704,37,04,AUGUST,8,"4,5"
3705,37,05,MAY,5,"18,19"
3705,37,05,JUNE,6,"26,29"
3705,37,05,AUGUST,8,"6,7"
3705,37,05,SEPTEMBER,9,"16,17"
3705,37,05,OCTOBER,10,"27,28"
3706,37,06,MAY,5,"20,21"
3706,37,06,JUNE,6,30
3706,37,06,JULY,7,1
3706,37,06,AUGUST,8,"10,11"
3706,37,06,SEPTEMBER,9,"18,21"
3706,37,06,OCTOBER,10,"29,30"
3707,37,07,MAY,5,"22,26"
3707,37,07,JULY,7,"2,6"
3707,37,07,AUGUST,8,"12,13"
3707,37,07,SEPTEMBER,9,"22,23"
3707,37,07,NOVEMBER,11,"2,3"
3708,37,08,MAY,5,"27,28"
3708,37,08,JULY,7,"7,8"
3708,37,08,AUGUST,8,"14,17"
3708,37,08,SEPTEMBER,9,"24,25"
3708,37,08,NOVEMBER,11,"4,5"
3709,37,09,MAY,5,29
3709,37,09,JUNE,6,1
3709,37,09,JULY,7,"9,10"
3709,37,09,AUGUST,8,"18,19"
3709,37,09,SEPTEMBER,9,"28,29"
3709,37,09,NOVEMBER,11,"6,9"
3710,37,10,JUNE,6,"2,3"
3710,37,10,JULY,7,"13,14"
3710,37,10,AUGUST,8,"20,21"
3710,37,10,SEPTEMBER,9,30
3710,37,10,OCTOBER,10,1
3710,37,10,NOVEMBER,11,"10,11"
3711,37,11,JUNE,6,"4,5"
3711,37,11,JULY,7,"15,16"
3711,37,11,AUGUST,8,"24,25"
3711,37,11,OCTOBER,10,"2,5"
3711,37,11,NOVEMBER,11,"12,13"
3712,37,12,JUNE,6,"8,9"
3712,37,12,JULY,7,"17,20"
3712,37,12,AUGUST,8,"26,27"
3712,37,12,OCTOBER,10,"6,7"
3712,37,12,NOVEMBER,11,"16,17"
3713,37,13,JUNE,6,"10,11"
3713,37,13,JULY,7,"21,22"
3713,37,13,AUGUST,8,"28,31"
3713,37,13,OCTOBER,10,"8,9"
3713,37,13,NOVEMBER,11,"18,19"
3714,37,14,JUNE,6,"12,15"
3714,37,14,JULY,7,"23,24"
3714,37,14,SEPTEMBER,9,"1,2"
3714,37,14,OCTOBER,10,"13,14"
3801,38,01,MAY,5,"18,19"
3801,38,01,JUNE,6,"24,25"
3801,38,01,AUGUST,8,"4,5"
3801,38,01,SEPTEMBER,9,"14,15"
3801,38,01,OCTOBER,10,"27,28"
3802,38,02,MAY,5,"18,19"
3802,38,02,JUNE,6,"24,25"
3802,38,02,AUGUST,8,"4,5"
3802,38,02,SEPTEMBER,9,"14,15"
3802,38,02,OCTOBER,10,"29,30"
3803,38,03,JUNE,6,"26,29"
3803,38,03,AUGUST,8,"6,7"
3803,38,03,SEPTEMBER,9,"16,17"
3803,38,03,NOVEMBER,11,"2,3"
3804,38,04,MAY,5,"20,21"
3804,38,04,JUNE,6,"26,29"
3804,38,04,AUGUST,8,"6,7"
3804,38,04,SEPTEMBER,9,"16,17"
3804,38,04,NOVEMBER,11,"4,5"
3805,38,05,MAY,5,"20,21"
3805,38,05,JUNE,6,30
3805,38,05,JULY,7,1
3805,38,05,AUGUST,8,"10,11"
3805,38,05,SEPTEMBER,9,"18,21"
3805,38,05,NOVEMBER,11,"6,9"
3806,38,06,MAY,5,"20,21"
3806,38,06,JUNE,6,30
3806,38,06,JULY,7,1
3806,38,06,AUGUST,8,"10,11"
3806,38,06,SEPTEMBER,9,"18,21"
3806,38,06,NOVEMBER,11,"10,11"
3807,38,07,MAY,5,"22,26"
3807,38,07,JULY,7,"2,6"
3807,38,07,AUGUST,8,"12,13"
3807,38,07,SEPTEMBER,9,"22,23"
3807,38,07,NOVEMBER,11,"12,13"
3808,38,08,MAY,5,"22,26"
3808,38,08,JULY,7,"2,6"
3808,38,08,AUGUST,8,"12,13"
3808,38,08,SEPTEMBER,9,"22,23"
3808,38,08,NOVEMBER,11,"16,17"
3809,38,09,MAY,5,"27,28"
3809,38,09,JULY,7,"7,8"
3809,38,09,AUGUST,8,"14,17"
3809,38,09,SEPTEMBER,9,"24,25"
3809,38,09,NOVEMBER,11,"18,19"
3810,38,10,MAY,5,29
3810,38,10,JUNE,6,1
3810,38,10,JULY,7,"9,10"
3810,38,10,AUGUST,8,"18,19"
3810,38,10,SEPTEMBER,9,"28,29"
3811,38,11,MAY,5,29
3811,38,11,JUNE,6,1
3811,38,11,JULY,7,"9,10"
3811,38,11,AUGUST,8,"18,19"
3811,38,11,SEPTEMBER,9,"28,29"
3812,38,12,JUNE,6,"2,3"
3812,38,12,JULY,7,"13,14"
3812,38,12,AUGUST,8,"20,21"
3812,38,12,SEPTEMBER,9,30
3812,38,12,OCTOBER,10,1
3813,38,13,JUNE,6,"2,3"
3813,38,13,JULY,7,"13,14"
3813,38,13,AUGUST,8,"20,21"
3813,38,13,SEPTEMBER,9,30
3813,38,13,OCTOBER,10,1
3814,38,14,JUNE,6,"4,5"
3814,38,14,JULY,7,"15,16"
3814,38,14,AUGUST,8,"24,25"
3814,38,14,OCTOBER,10,"2,5"
3815,38,15,JUNE,6,"4,5"
3815,38,15,JULY,7,"15,16"
3815,38,15,AUGUST,8,"24,25"
3815,38,15,OCTOBER,10,"2,5"
3816,38,16,JUNE,6,"8,9"
3816,38,16,JULY,7,"17,20"
3816,38,16,AUGUST,8,"26,27"
3816,38,16,OCTOBER,10,"6,7"
3817,38,17,JUNE,6,"8,9"
3817,38,17,JULY,7,"17,20"
3817,38,17,AUGUST,8,"26,27"
3817,38,17,OCTOBER,10,"6,7"
3818,38,18,JUNE,6,"10,11"
3818,38,18,JULY,7,"21,22"
3818,38,18,AUGUST,8,"28,31"
3818,38,18,OCTOBER,10,"8,9"
3819,38,19,JUNE,6,"12,15"
3819,38,19,JULY,7,"23,24"
3819,38,19,SEPTEMBER,9,"1,2"
3819,38,19,OCTOBER,10,"13,14"
3820,38,20,JUNE,6,"12,15"
3820,38,20,JULY,7,"23,24"
3820,38,20,SEPTEMBER,9,"1,2"
3820,38,20,OCTOBER,10,"13,14"
3821,38,21,JUNE,6,"16,17"
3821,38,21,JULY,7,"27,28"
3821,38,21,SEPTEMBER,9,"3,4"
3821,38,21,OCTOBER,10,"15,16"
3822,38,22,JUNE,6,"16,17"
3822,38,22,JULY,7,"27,28"
3822,38,22,SEPTEMBER,9,"3,4"
3822,38,22,OCTOBER,10,"15,16"
3823,38,23,JUNE,6,"18,19"
3823,38,23,JULY,7,"29,30"
3823,38,23,SEPTEMBER,9,"8,9"
3823,38,23,OCTOBER,10,"19,20"
3824,38,24,JUNE,6,"18,19"
3824,38,24,JULY,7,"29,30"
3824,38,24,SEPTEMBER,9,"8,9"
3824,38,24,OCTOBER,10,"21,22"
3825,38,25,JUNE,6,"22,23"
3825,38,25,JULY,7,31
3825,38,25,AUGUST,8,3
3825,38,25,SEPTEMBER,9,"10,11"
3825,38,25,OCTOBER,10,"23,26"
3901,39,01,JUNE,6,"25,26"
3901,39,01,AUGUST,8,"11,12"
3901,39,01,SEPTEMBER,9,"25,28"
3901,39,01,NOVEMBER,11,"11,12"
3902,39,02,JUNE,6,"29,30"
3902,39,02,AUGUST,8,"13,14"
3902,39,02,SEPTEMBER,9,"29,30"
3902,39,02,NOVEMBER,11,"13,16"
3903,39,03,MAY,5,"19,20"
3903,39,03,JULY,7,"1,2"
3903,39,03,AUGUST,8,"17,18"
3903,39,03,OCTOBER,10,"1,2"
3903,39,03,NOVEMBER,11,"17,18"
3904,39,04,JULY,7,"6,7"
3904,39,04,AUGUST,8,"19,20"
3904,39,04,OCTOBER,10,"5,6"
3904,39,04,NOVEMBER,11,"19,20"
3905,39,05,MAY,5,"21,22"
3905,39,05,JULY,7,"8,9"
3905,39,05,AUGUST,8,"21,24"
3905,39,05,OCTOBER,10,"7,8"
3906,39,06,MAY,5,"26,27"
3906,39,06,JULY,7,"10,13"
3906,39,06,AUGUST,8,"25,26"
3906,39,06,OCTOBER,10,"9,13"
3907,39,07,MAY,5,"28,29"
3907,39,07,JULY,7,"14,15"
3907,39,07,AUGUST,8,"27,28"
3907,39,07,OCTOBER,10,"14,15"
3908,39,08,JUNE,6,"1,2"
3908,39,08,JULY,7,"16,17"
3908,39,08,AUGUST,8,31
3908,39,08,SEPTEMBER,9,1
3908,39,08,OCTOBER,10,"16,19"
3909,39,09,JUNE,6,"3,4"
3909,39,09,JULY,7,"20,21"
3909,39,09,SEPTEMBER,9,"2,3"
3909,39,09,OCTOBER,10,"20,21"
3910,39,10,JUNE,6,"5,6"
3910,39,10,JULY,7,"22,23"
3910,39,10,SEPTEMBER,9,"4,8"
3910,39,10,OCTOBER,10,"22,23"
3911,39,11,JUNE,6,"9,10"
3911,39,11,JULY,7,"24,27"
3911,39,11,SEPTEMBER,9,"9,10"
3911,39,11,OCTOBER,10,"26,27"
3912,39,12,JUNE,6,"11,12"
3912,39,12,JULY,7,"28,29"
3912,39,12,SEPTEMBER,9,"11,14"
3912,39,12,OCTOBER,10,"28,29"
3913,39,13,JUNE,6,"15,16"
3913,39,13,JULY,7,"30,31"
3913,39,13,SEPTEMBER,9,"15,16"
3913,39,13,OCTOBER,10,30
3913,39,13,NOVEMBER,11,2
3914,39,14,JUNE,6,"17,18"
3914,39,14,AUGUST,8,"3,4"
3914,39,14,SEPTEMBER,9,"17,18"
3914,39,14,NOVEMBER,11,"3,4"
3915,39,15,JUNE,6,"19,22"
3915,39,15,AUGUST,8,"5,6"
3915,39,15,SEPTEMBER,9,"21,22"
3915,39,15,NOVEMBER,11,"5,6"
3916,39,16,JUNE,6,"23,24"
3916,39,16,AUGUST,8,"7,10"
3916,39,16,SEPTEMBER,9,"23,24"
3916,39,16,NOVEMBER,11,"9,10"
4001,40,01,MAY,5,18
4001,40,01,JULY,7,"1,2"
4001,40,01,AUGUST,8,"17,18"
4001,40,01,OCTOBER,10,"1,2"
4002,40,02,MAY,5,"19,20"
4002,40,02,JULY,7,"6,7"
4002,40,02,AUGUST,8,"19,20"
4002,40,02,OCTOBER,10,"5,6"
4003,40,03,MAY,5,"21,22"
4003,40,03,JULY,7,"8,9"
4003,40,03,AUGUST,8,"21,24"
4003,40,03,OCTOBER,10,"7,8"
4004,40,04,MAY,5,"26,27"
4004,40,04,JULY,7,"10,13"
4004,40,04,AUGUST,8,"25,26"
4004,40,04,OCTOBER,10,"9,13"
4005,40,05,MAY,5,"28,29"
4005,40,05,JULY,7,"14,15"
4005,40,05,AUGUST,8,"27,28"
4005,40,05,OCTOBER,10,"14,15"
4006,40,06,JUNE,6,"1,2"
4006,40,06,JULY,7,"16,17"
4006,40,06,AUGUST,8,31
4006,40,06,SEPTEMBER,9,1
4006,40,06,OCTOBER,10,"16,19"
4007,40,07,JUNE,6,"3,4"
4007,40,07,JULY,7,"20,21"
4007,40,07,SEPTEMBER,9,"2,3"
4007,40,07,OCTOBER,10,"20,21"
4008,40,08,JUNE,6,"5,8"
4008,40,08,JULY,7,"22,23"
4008,40,08,SEPTEMBER,9,"4,8"
4009,40,09,JUNE,6,"9,10"
4009,40,09,JULY,7,"24,27"
4010,40,10,JUNE,6,"11,12"
4010,40,10,JULY,7,"28,29"
4010,40,10,SEPTEMBER,9,"11,14"
4011,40,11,JUNE,6,"15,16"
4011,40,11,JULY,7,"30,31"
4011,40,11,SEPTEMBER,9,"15,16"
4012,40,12,JUNE,6,"17,18"
4012,40,12,AUGUST,8,"3,4"
4012,40,12,SEPTEMBER,9,"17,18"
4013,40,13,JUNE,6,"19,22"
4013,40,13,AUGUST,8,"5,6"
4013,40,13,SEPTEMBER,9,"21,22"
4014,40,14,JUNE,6,"23,24"
4014,40,14,AUGUST,8,"7,10"
4014,40,14,SEPTEMBER,9,"23,24"
4015,40,15,JUNE,6,"25,26"
4015,40,15,AUGUST,8,"11,12"
4015,40,15,SEPTEMBER,9,"25,28"
4016,40,16,JUNE,6,"29,30"
4016,40,16,AUGUST,8,"13,14"
4016,40,16,SEPTEMBER,9,"29,30"
4101,41,01,MAY,5,"19,20"
4101,41,01,JULY,7,"6,7"
4101,41,01,AUGUST,8,"19,20"
4101,41,01,OCTOBER,10,"5,6"
4102,41,02,MAY,5,"19,20"
4102,41,02,JULY,7,"6,7"
4102,41,02,AUGUST,8,"19,20"
4102,41,02,OCTOBER,10,"7,8"
4103,41,03,MAY,5,"21,22"
4103,41,03,JULY,7,"8,9"
4103,41,03,AUGUST,8,"21,24"
4103,41,03,OCTOBER,10,"9,13"
4104,41,04,MAY,5,"21,22"
4104,41,04,JULY,7,"8,9"
4104,41,04,AUGUST,8,"21,24"
4104,41,04,OCTOBER,10,"14,15"
4105,41,05,MAY,5,"26,27"
4105,41,05,JULY,7,"10,13"
4105,41,05,AUGUST,8,"25,26"
4105,41,05,OCTOBER,10,"16,19"
4106,41,06,MAY,5,"26,27"
4106,41,06,JULY,7,"10,13"
4106,41,06,AUGUST,8,"25,26"
4106,41,06,OCTOBER,10,"20,21"
4107,41,07,MAY,5,"28,29"
4107,41,07,JULY,7,"14,15"
4107,41,07,AUGUST,8,"27,28"
4107,41,07,OCTOBER,10,"22,23"
4108,41,08,MAY,5,"28,29"
4108,41,08,JULY,7,"14,15"
4108,41,08,AUGUST,8,"27,28"
4108,41,08,OCTOBER,10,"26,27"
4109,41,09,JUNE,6,"1,2"
4109,41,09,JULY,7,"16,17"
4109,41,09,AUGUST,8,31
4109,41,09,SEPTEMBER,9,1
4109,41,09,OCTOBER,10,"28,29"
4110,41,10,JUNE,6,"1,2"
4110,41,10,JULY,7,"16,17"
4110,41,10,AUGUST,8,31
4110,41,10,SEPTEMBER,9,1
4110,41,10,OCTOBER,10,30
4110,41,10,NOVEMBER,11,2
4111,41,11,JUNE,6,"3,4"
4111,41,11,JULY,7,"20,21"
4111,41,11,SEPTEMBER,9,"2,3"
4111,41,11,NOVEMBER,11,"3,4"
4112,41,12,JUNE,6,"3,4"
4112,41,12,JULY,7,"20,21"
4112,41,12,SEPTEMBER,9,"2,3"
4112,41,12,NOVEMBER,11,"5,6"
4113,41,13,JUNE,6,"5,8"
4113,41,13,JULY,7,"22,23"
4113,41,13,SEPTEMBER,9,"4,8"
4113,41,13,NOVEMBER,11,"9,10"
4114,41,14,JUNE,6,"5,8"
4114,41,14,JULY,7,"22,23"
4114,41,14,SEPTEMBER,9,"4,8"
4114,41,14,NOVEMBER,11,"11,12"
4115,41,15,JUNE,6,"9,10"
4115,41,15,JULY,7,"24,27"
4115,41,15,SEPTEMBER,9,"9,10"
4115,41,15,NOVEMBER,11,"13,16"
4116,41,16,JUNE,6,"9,10"
4116,41,16,JULY,7,"24,27"
4116,41,16,SEPTEMBER,9,"9,10"
4116,41,16,NOVEMBER,11,"17,18"
4117,41,17,JUNE,6,"11,12"
4117,41,17,JULY,7,"28,29"
4117,41,17,SEPTEMBER,9,"11,14"
4117,41,17,NOVEMBER,11,"19,20"
4118,41,18,JUNE,6,"11,12"
4118,41,18,JULY,7,"28,29"
4118,41,18,SEPTEMBER,9,"11,14"
4119,41,19,JUNE,6,"15,16"
4119,41,19,JULY,7,"30,31"
4119,41,19,SEPTEMBER,9,"15,16"
4120,41,20,JUNE,6,"15,16"
4120,41,20,JULY,7,"30,31"
4120,41,20,SEPTEMBER,9,"15,16"
4121,41,21,JUNE,6,"17,18"
4121,41,21,AUGUST,8,"3,4"
4121,41,21,SEPTEMBER,9,"17,18"
4122,41,22,JUNE,6,"17,18"
4122,41,22,AUGUST,8,"3,4"
4122,41,22,SEPTEMBER,9,"17,18"
4123,41,23,JUNE,6,"19,22"
4123,41,23,AUGUST,8,"5,6"
4123,41,23,SEPTEMBER,9,"21,22"
4124,41,24,JUNE,6,"19,22"
4124,41,24,AUGUST,8,"5,6"
4124,41,24,SEPTEMBER,9,"21,22"
4125,41,25,JUNE,6,"23,24"
4125,41,25,AUGUST,8,"7,10"
4125,41,25,SEPTEMBER,9,"23,24"
4126,41,26,JUNE,6,"23,24"
4126,41,26,AUGUST,8,"7,10"
4126,41,26,SEPTEMBER,9,"23,24"
4127,41,27,JUNE,6,"25,26"
4127,41,27,AUGUST,8,"11,12"
4127,41,27,SEPTEMBER,9,"25,28"
4128,41,28,JUNE,6,"25,26"
4128,41,28,AUGUST,8,"11,12"
4128,41,28,SEPTEMBER,9,"25,28"
4129,41,29,JUNE,6,"29,30"
4129,41,29,AUGUST,8,"13,14"
4129,41,29,SEPTEMBER,9,"29,30"
4130,41,30,JUNE,6,"29,30"
4130,41,30,AUGUST,8,"13,14"
4130,41,30,SEPTEMBER,9,"29,30"
4131,41,31,JULY,7,"1,2"
4131,41,31,AUGUST,8,"17,18"
4131,41,31,OCTOBER,10,"1,2"
4132,41,32,JULY,7,"1,2"
4132,41,32,AUGUST,8,"17,18"
4132,41,32,OCTOBER,10,"1,2"
4201,42,01,MAY,5,"19,20"
4201,42,01,JUNE,6,"4,5,23,24"
4201,42,01,JULY,7,"9,10,28,29"
4201,42,01,AUGUST,8,"13,14"
4201,42,01,SEPTEMBER,9,"1,2,17,18"
4201,42,01,OCTOBER,10,"6,7,22,23"
4201,42,01,NOVEMBER,11,"10,11"
4202,42,02,MAY,5,"1,4,21,22"
4202,42,02,JUNE,6,"9,10,25,26"
4202,42,02,JULY,7,"14,15,30,31"
4202,42,02,AUGUST,8,"18,19"
4202,42,02,SEPTEMBER,9,"3,4,22,23"
4202,42,02,OCTOBER,10,"8,9,27,28"
4202,42,02,NOVEMBER,11,"12,13"
4203,42,03,MAY,5,"26,27"
4203,42,03,JUNE,6,"11,12,30"
4203,42,03,JULY,7,"1,16,17"
4203,42,03,AUGUST,8,"4,5,20,21"
4203,42,03,SEPTEMBER,9,"8,9,24,25"
4203,42,03,OCTOBER,10,"13,14,29,30"
4203,42,03,NOVEMBER,11,"17,18"
4204,42,04,MAY,5,"28,29"
4204,42,04,JUNE,6,"16,17"
4204,42,04,JULY,7,"2,21,22"
4204,42,04,AUGUST,8,"6,7,25,26"
4204,42,04,SEPTEMBER,9,"10,11,29,30"
4204,42,04,OCTOBER,10,"15,16"
4204,42,04,NOVEMBER,11,"3,4,19,20"
4205,42,05,JUNE,6,"2,3,18,19"
4205,42,05,JULY,7,"7,8,23,24"
4205,42,05,AUGUST,8,"11,12,27,28"
4205,42,05,SEPTEMBER,9,"15,16"
4205,42,05,OCTOBER,10,"1,2,20,21"
4205,42,05,NOVEMBER,11,"5,6"
4206,42,06,MAY,5,"12,13,19,20,26,27"
4206,42,06,JUNE,6,"2,3,9,10,16,17,23,24,30"
4206,42,06,JULY,7,"1,7,8,14,15,21,22,28,29"
4206,42,06,AUGUST,8,"4,5,11,12,18,19,25,26"
4206,42,06,SEPTEMBER,9,"1,2,8,9,15,16,22,23"
4206,42,06,OCTOBER,10,"6,7,13,14,20,21,27,28"
4207,42,07,MAY,5,"14,15,21,22,28,29"
4207,42,07,JUNE,6,"4,5,11,12,18,19,25,26"
4207,42,07,JULY,7,"2,9,10,16,17,23,24,30,31"
4207,42,07,AUGUST,8,"6,7,13,14,20,21,27,28"
4207,42,07,SEPTEMBER,9,"3,4,10,11,17,18,24,25"
4207,42,07,OCTOBER,10,"1,2,8,9,15,16,22,23,29,30"
4207,42,07,NOVEMBER,11,"5,6,12,13"
4301,43,01,MAY,5,"18,19,20,21"
4301,43,01,JUNE,6,"26,29,30"
4301,43,01,JULY,7,1
4301,43,01,AUGUST,8,"6,7,10,11"
4301,43,01,SEPTEMBER,9,"16,17,18,21"
4301,43,01,OCTOBER,10,"27,28,29,30"
4302,43,02,MAY,5,"22,26,27,28"
4302,43,02,JULY,7,"2,6,7,8"
4302,43,02,AUGUST,8,"12,13,14,17"
4302,43,02,SEPTEMBER,9,"22,23,24,25"
4302,43,02,NOVEMBER,11,"2,3,4,5"
4303,43,03,MAY,5,29
4303,43,03,JUNE,6,"1,2,3"
4303,43,03,JULY,7,"9,10,13,14"
4303,43,03,AUGUST,8,"18,19,20,21"
4303,43,03,SEPTEMBER,9,"28,29,30"
4303,43,03,OCTOBER,10,1
4303,43,03,NOVEMBER,11,"6,9,10,11"
4304,43,04,JUNE,6,"4,5,8,9"
4304,43,04,JULY,7,"15,16,17,20"
4304,43,04,AUGUST,8,"24,25,26,27"
4304,43,04,OCTOBER,10,"2,5,6,7"
4304,43,04,NOVEMBER,11,"12,13,16,17"
4305,43,05,JUNE,6,"10,11,12,15"
4305,43,05,JULY,7,"21,22,23,24"
4305,43,05,AUGUST,8,"28,31"
4305,43,05,SEPTEMBER,9,"1,2"
4305,43,05,OCTOBER,10,"8,9,13,14"
4306,43,06,JUNE,6,"16,17,18,19"
4306,43,06,JULY,7,"27,28,29,30"
4306,43,06,SEPTEMBER,9,"3,4,8,9"
4306,43,06,OCTOBER,10,"15,16,19,20"
4306,43,06,NOVEMBER,11,"18,19,20,23"
4307,43,07,JUNE,6,"22,23,24,25"
4307,43,07,JULY,7,31
4307,43,07,AUGUST,8,"3,4,5"
4307,43,07,SEPTEMBER,9,"10,11,14,15"
4307,43,07,OCTOBER,10,"21,22,23,26"
4308,43,08,MAY,5,"2,3,9,10,16,17,23,24,30"
4308,43,08,JUNE,6,"1,7,8,14,15,21,22,28,29"
4308,43,08,JULY,7,"4,5,11,12,18,19,25,26"
4308,43,08,AUGUST,8,"1,2,8,9,15,16,22,23,29,30"
4308,43,08,SEPTEMBER,9,"6,7,13,14,20,21,27,28"
4401,44,01,JUNE,6,"16,17"
4401,44,01,JULY,7,"21,22"
4401,44,01,AUGUST,8,"24,25"
4401,44,01,SEPTEMBER,9,"28,29"
4401,44,01,NOVEMBER,11,"2,9"
4402,44,02,MAY,5,"18,19"
4402,44,02,JUNE,6,"18,19"
4402,44,02,JULY,7,"23,27"
4402,44,02,AUGUST,8,"26,27"
4402,44,02,SEPTEMBER,9,30
4402,44,02,OCTOBER,10,5
4402,44,02,NOVEMBER,11,"12,13"
4403,44,03,MAY,5,"20,21"
4403,44,03,JUNE,6,"22,23"
4403,44,03,JULY,7,"30,31"
4403,44,03,AUGUST,8,"28,31"
4403,44,03,OCTOBER,10,"8,9"
4403,44,03,NOVEMBER,11,"16,17"
4404,44,04,MAY,5,"22,26"
4404,44,04,JUNE,6,"24,25"
4404,44,04,JULY,7,"28,29"
4404,44,04,SEPTEMBER,9,"10,11"
4404,44,04,OCTOBER,10,"15,16"
4404,44,04,NOVEMBER,11,"18,19"
4405,44,05,MAY,5,"27,28"
4405,44,05,JUNE,6,"26,29"
4405,44,05,JULY,7,24
4405,44,05,AUGUST,8,3
4405,44,05,SEPTEMBER,9,"14,15"
4405,44,05,OCTOBER,10,"19,20"
4405,44,05,NOVEMBER,11,"20,23"
4406,44,06,JUNE,6,"8,11,30"
4406,44,06,JULY,7,9
4406,44,06,AUGUST,8,"14,17"
4406,44,06,SEPTEMBER,9,"16,17"
4406,44,06,OCTOBER,10,"21,22"
4408,44,08,JULY,7,"10,13"
4408,44,08,SEPTEMBER,9,"18,21"
4408,44,08,OCTOBER,10,"23,26"
4409,44,09,MAY,5,29
4409,44,09,JUNE,6,1
4409,44,09,JULY,7,"15,16"
4409,44,09,AUGUST,8,"10,13"
4409,44,09,SEPTEMBER,9,"22,23"
4409,44,09,OCTOBER,10,"27,28"
4410,44,10,JUNE,6,"4,5"
4410,44,10,JULY,7,"2,6"
4410,44,10,AUGUST,8,"6,7"
4410,44,10,SEPTEMBER,9,"3,4"
4410,44,10,OCTOBER,10,"1,2"
4410,44,10,NOVEMBER,11,"5,6"
4411,44,11,JUNE,6,"2,3"
4411,44,11,JULY,7,"1,7"
4411,44,11,AUGUST,8,"4,5"
4411,44,11,SEPTEMBER,9,"1,2"
4411,44,11,OCTOBER,10,"6,7"
4411,44,11,NOVEMBER,11,"3,4"
4412,44,12,JUNE,6,"12,15"
4412,44,12,JULY,7,"17,20"
4412,44,12,SEPTEMBER,9,"24,25"
4412,44,12,OCTOBER,10,"29,30"
4501,45,01,MAY,5,29
4501,45,01,JUNE,6,1
4501,45,01,JULY,7,"29,30"
4501,45,01,SEPTEMBER,9,"28,29"
4502,45,02,JUNE,6,"2,3"
4502,45,02,JULY,7,2
4503,45,03,JUNE,6,"4,5"
4503,45,03,AUGUST,8,"4,5"
4503,45,03,OCTOBER,10,"2,5"
4504,45,04,JUNE,6,"8,9"
4504,45,04,AUGUST,8,"6,7"
4504,45,04,OCTOBER,10,"6,7"
4505,45,05,JUNE,6,"10,11"
4505,45,05,AUGUST,8,"10,11"
4505,45,05,OCTOBER,10,"8,9"
4506,45,06,JUNE,6,"12,15"
4506,45,06,AUGUST,8,"12,13"
4506,45,06,OCTOBER,10,"13,14"
4507,45,07,JUNE,6,"16,17"
4507,45,07,AUGUST,8,"14,17"
4507,45,07,OCTOBER,10,"15,16"
4508,45,08,JUNE,6,"18,19"
4508,45,08,AUGUST,8,"18,19"
4508,45,08,OCTOBER,10,"19,20"
4509,45,09,JUNE,6,"22,23"
4509,45,09,AUGUST,8,"20,21"
4509,45,09,OCTOBER,10,"21,22"
4510,45,10,JUNE,6,"24,25"
4510,45,10,AUGUST,8,"24,25"
4510,45,10,OCTOBER,10,"23,26"
4511,45,11,JUNE,6,"26,29"
4511,45,11,AUGUST,8,"26,27"
4511,45,11,OCTOBER,10,"27,28"
4512,45,12,JUNE,6,30
4512,45,12,JULY,7,1
4512,45,12,AUGUST,8,"28,31"
4512,45,12,OCTOBER,10,"29,30"
4513,45,13,JULY,7,"2,6"
4513,45,13,SEPTEMBER,9,"1,2"
4513,45,13,NOVEMBER,11,"2,3"
4514,45,14,JULY,7,"7,8"
4514,45,14,SEPTEMBER,9,"3,4"
4514,45,14,NOVEMBER,11,"4,5"
4515,45,15,JULY,7,"9,10"
4515,45,15,SEPTEMBER,9,"8,9"
4515,45,15,NOVEMBER,11,"6,9"
4516,45,16,JULY,7,"13,14"
4516,45,16,SEPTEMBER,9,"10,11"
4516,45,16,NOVEMBER,11,"10,11"
4517,45,17,JULY,7,"15,16"
4517,45,17,SEPTEMBER,9,"16,17"
4517,45,17,NOVEMBER,11,"12,13"
4518,45,18,JULY,7,"17,20"
4518,45,18,SEPTEMBER,9,"18,21"
4518,45,18,NOVEMBER,11,"16,17"
4519,45,19,JULY,7,"21,22"
4519,45,19,SEPTEMBER,9,"22,23"
4519,45,19,NOVEMBER,11,"16,17"
4520,45,20,JULY,7,"23,24"
4520,45,20,SEPTEMBER,9,"23,24"
4520,45,20,NOVEMBER,11,"18,19"
4521,45,21,JULY,7,"27,28"
4521,45,21,SEPTEMBER,9,"24,25"
4521,45,21,NOVEMBER,11,"19,20"
4601,46,01,JUNE,6,"1,2"
4601,46,01,JULY,7,"1,2"
4601,46,01,AUGUST,8,"6,7"
4601,46,01,SEPTEMBER,9,"2,3"
4601,46,01,OCTOBER,10,"2,5"
4601,46,01,NOVEMBER,11,"2,3"
4602,46,02,JUNE,6,"3,4"
4602,46,02,JULY,7,"6,7"
4602,46,02,AUGUST,8,"10,11"
4602,46,02,SEPTEMBER,9,"4,8"
4602,46,02,OCTOBER,10,"6,7"
4602,46,02,NOVEMBER,11,"4,5"
4603,46,03,JUNE,6,"5,8"
4603,46,03,JULY,7,"8,9"
4603,46,03,AUGUST,8,"12,13"
4603,46,03,SEPTEMBER,9,"9,10"
4603,46,03,OCTOBER,10,"8,9"
4603,46,03,NOVEMBER,11,"6,9"
4604,46,04,JUNE,6,"9,10"
4604,46,04,JULY,7,"10,13"
4604,46,04,AUGUST,8,"14,17"
4604,46,04,SEPTEMBER,9,"11,14"
4604,46,04,OCTOBER,10,"13,14"
4604,46,04,NOVEMBER,11,"10,11"
4605,46,05,JUNE,6,"11,12"
4605,46,05,JULY,7,"14,15"
4605,46,05,AUGUST,8,"18,19"
4605,46,05,SEPTEMBER,9,"15,16"
4605,46,05,OCTOBER,10,"15,16"
4605,46,05,NOVEMBER,11,"12,13"
4606,46,06,MAY,5,"18,19"
4606,46,06,JUNE,6,"15,16"
4606,46,06,JULY,7,"16,17"
4606,46,06,AUGUST,8,"20,21"
4606,46,06,SEPTEMBER,9,"17,18"
4606,46,06,OCTOBER,10,"19,20"
4606,46,06,NOVEMBER,11,"16,17"
4607,46,07,MAY,5,"20,21"
4607,46,07,JUNE,6,"17,18"
4607,46,07,JULY,7,"20,21"
4607,46,07,AUGUST,8,"24,25"
4607,46,07,SEPTEMBER,9,"21,22"
4607,46,07,OCTOBER,10,"21,22"
4607,46,07,NOVEMBER,11,"18,19"
4608,46,08,MAY,5,"22,26"
4608,46,08,JUNE,6,"19,22"
4608,46,08,JULY,7,"22,23"
4608,46,08,AUGUST,8,"26,27"
4608,46,08,SEPTEMBER,9,"23,24"
4608,46,08,OCTOBER,10,"23,26"
4608,46,08,NOVEMBER,11,"20,23"
4701,47,01,MAY,5,"21,22"
4701,47,01,JULY,7,"14,15"
4701,47,01,SEPTEMBER,9,"2,3"
4701,47,01,OCTOBER,10,"26,27"
4702,47,02,MAY,5,"26,27"
4702,47,02,JULY,7,"16,17"
4702,47,02,SEPTEMBER,9,"4,8"
4702,47,02,OCTOBER,10,"28,29"
4703,47,03,MAY,5,"28,29"
4703,47,03,JULY,7,"20,21"
4703,47,03,SEPTEMBER,9,"9,10"
4703,47,03,OCTOBER,10,30
4703,47,03,NOVEMBER,11,2
4704,47,04,JUNE,6,"1,2"
4704,47,04,JULY,7,"22,23"
4704,47,04,SEPTEMBER,9,"11,14"
4704,47,04,NOVEMBER,11,"3,4"
4705,47,05,JUNE,6,"3,4"
4705,47,05,JULY,7,"24,27"
4705,47,05,SEPTEMBER,9,"15,16"
4705,47,05,NOVEMBER,11,"5,6"
4706,47,06,JUNE,6,"5,8"
4706,47,06,JULY,7,"28,29"
4706,47,06,SEPTEMBER,9,"17,18"
4706,47,06,NOVEMBER,11,"9,10"
4707,47,07,JUNE,6,"9,10"
4707,47,07,JULY,7,"30,31"
4707,47,07,SEPTEMBER,9,"21,22"
4707,47,07,NOVEMBER,11,"11,12"
4708,47,08,JUNE,6,"11,12"
4708,47,08,AUGUST,8,"3,4"
4708,47,08,SEPTEMBER,9,"23,24"
4708,47,08,NOVEMBER,11,"13,16"
4709,47,09,JUNE,6,"15,16"
4709,47,09,AUGUST,8,"5,6"
4709,47,09,SEPTEMBER,9,"25,28"
4709,47,09,NOVEMBER,11,"17,18"
4710,47,10,JUNE,6,"17,18"
4710,47,10,AUGUST,8,"7,10"
4710,47,10,SEPTEMBER,9,"29,30"
4710,47,10,NOVEMBER,11,"19,20"
4711,47,11,JUNE,6,"19,22"
4711,47,11,AUGUST,8,"11,12"
4711,47,11,OCTOBER,10,"1,2"
4711,47,11,NOVEMBER,11,"23,24"
4712,47,12,JUNE,6,"23,24"
4712,47,12,AUGUST,8,"13,14"
4712,47,12,OCTOBER,10,"5,6"
4712,47,12,NOVEMBER,11,"25,27"
4713,47,13,JUNE,6,"25,26"
4713,47,13,AUGUST,8,"17,18"
4713,47,13,OCTOBER,10,"7,8"
4714,47,14,JUNE,6,"29,30"
4714,47,14,AUGUST,8,"19,20"
4714,47,14,OCTOBER,10,"9,13"
4715,47,15,JULY,7,"1,2"
4715,47,15,AUGUST,8,"21,24"
4715,47,15,OCTOBER,10,"14,15"
4716,47,16,JULY,7,"6,7"
4716,47,16,AUGUST,8,"25,26"
4716,47,16,OCTOBER,10,"16,19"
4717,47,17,MAY,5,"15,18"
4717,47,17,JULY,7,"8,9"
4717,47,17,AUGUST,8,"27,28"
4717,47,17,OCTOBER,10,"20,21"
4718,47,18,MAY,5,"19,20"
4718,47,18,JULY,7,"10,13"
4718,47,18,AUGUST,8,31
4718,47,18,SEPTEMBER,9,1
4718,47,18,OCTOBER,10,"22,23"
4801,48,01,MAY,5,"26,27"
4801,48,01,JUNE,6,"23,24"
4801,48,01,JULY,7,"22,23"
4801,48,01,AUGUST,8,"19,20"
4801,48,01,SEPTEMBER,9,"17,18"
4801,48,01,OCTOBER,10,"16,19"
4801,48,01,NOVEMBER,11,"13,16"
4802,48,02,MAY,5,"28,29"
4802,48,02,JUNE,6,"25,26"
4802,48,02,JULY,7,"24,27"
4802,48,02,AUGUST,8,"21,24"
4802,48,02,SEPTEMBER,9,"21,22"
4802,48,02,OCTOBER,10,"20,21"
4802,48,02,NOVEMBER,11,"17,18"
4803,48,03,JUNE,6,"1,2,29,30"
4803,48,03,JULY,7,"28,29"
4803,48,03,AUGUST,8,"25,26"
4803,48,03,SEPTEMBER,9,"23,24"
4803,48,03,OCTOBER,10,"22,23"
4803,48,03,NOVEMBER,11,"19,20"
4804,48,04,JUNE,6,"3,4"
4804,48,04,JULY,7,"1,2,30,31"
4804,48,04,AUGUST,8,"27,28"
4804,48,04,SEPTEMBER,9,"25,28"
4804,48,04,OCTOBER,10,"26,27"
4805,48,05,JUNE,6,"5,8"
4805,48,05,JULY,7,"6,7"
4805,48,05,AUGUST,8,"3,4,31"
4805,48,05,SEPTEMBER,9,"1,29,30"
4805,48,05,OCTOBER,10,"28,29"
4806,48,06,JUNE,6,"9,10"
4806,48,06,JULY,7,"8,9"
4806,48,06,AUGUST,8,"5,6"
4806,48,06,SEPTEMBER,9,"2,3"
4806,48,06,OCTOBER,10,"1,2,30"
4806,48,06,NOVEMBER,11,2
4807,48,07,JUNE,6,"11,12"
4807,48,07,JULY,7,"10,13"
4807,48,07,AUGUST,8,"7,10"
4807,48,07,SEPTEMBER,9,"4,8"
4807,48,07,OCTOBER,10,"5,6"
4807,48,07,NOVEMBER,11,"3,4"
4808,48,08,MAY,5,18
4808,48,08,JUNE,6,"15,16"
4808,48,08,JULY,7,"14,15"
4808,48,08,AUGUST,8,"11,12"
4808,48,08,SEPTEMBER,9,"9,10"
4808,48,08,OCTOBER,10,"7,8"
4808,48,08,NOVEMBER,11,"5,6"
4809,48,09,MAY,5,"19,20"
4809,48,09,JUNE,6,"17,18"
4809,48,09,JULY,7,"16,17"
4809,48,09,AUGUST,8,"13,14"
4809,48,09,SEPTEMBER,9,"11,14"
4809,48,09,OCTOBER,10,"9,13"
4809,48,09,NOVEMBER,11,"9,10"
4810,48,10,MAY,5,"21,22"
4810,48,10,JUNE,6,"19,22"
4810,48,10,JULY,7,"20,21"
4810,48,10,AUGUST,8,"17,18"
4810,48,10,SEPTEMBER,9,"15,16"
4810,48,10,OCTOBER,10,"14,15"
4810,48,10,NOVEMBER,11,"11,12"
4901,49,01,JUNE,6,"5,8"
4901,49,01,JULY,7,"10,13"
4901,49,01,AUGUST,8,"13,14"
4901,49,01,SEPTEMBER,9,"17,18"
4901,49,01,OCTOBER,10,"22,23"
4902,49,02,JUNE,6,"9,10"
4902,49,02,JULY,7,"14,15"
4902,49,02,AUGUST,8,"17,18"
4902,49,02,SEPTEMBER,9,"21,22"
4902,49,02,OCTOBER,10,"26,27"
4903,49,03,JUNE,6,"11,12"
4903,49,03,JULY,7,"16,17"
4903,49,03,AUGUST,8,"19,20"
4903,49,03,SEPTEMBER,9,"23,24"
4903,49,03,OCTOBER,10,"28,29"
4904,49,04,JUNE,6,"15,16"
4904,49,04,JULY,7,"20,21"
4904,49,04,AUGUST,8,"21,24"
4904,49,04,SEPTEMBER,9,"25,28"
4904,49,04,OCTOBER,10,30
4904,49,04,NOVEMBER,11,2
4905,49,05,JUNE,6,"17,18"
4905,49,05,JULY,7,"22,23"
4905,49,05,AUGUST,8,"25,26"
4905,49,05,SEPTEMBER,9,"29,30"
4905,49,05,NOVEMBER,11,"3,4"
4906,49,06,MAY,5,18
4906,49,06,JUNE,6,"19,22"
4906,49,06,JULY,7,"24,27"
4906,49,06,AUGUST,8,"27,28"
4906,49,06,OCTOBER,10,"1,2"
4906,49,06,NOVEMBER,11,"5,6"
4907,49,07,MAY,5,"19,20"
4907,49,07,JUNE,6,"23,24"
4907,49,07,JULY,7,"28,29"
4907,49,07,AUGUST,8,31
4907,49,07,SEPTEMBER,9,1
4907,49,07,OCTOBER,10,"5,6"
4907,49,07,NOVEMBER,11,"9,10"
4908,49,08,MAY,5,"21,22"
4908,49,08,JUNE,6,"25,26"
4908,49,08,JULY,7,"30,31"
4908,49,08,SEPTEMBER,9,"2,3"
4908,49,08,OCTOBER,10,"7,8"
4908,49,08,NOVEMBER,11,"11,12"
4909,49,09,MAY,5,"26,27"
4909,49,09,JUNE,6,"29,30"
4909,49,09,AUGUST,8,"3,4"
4909,49,09,SEPTEMBER,9,"4,8"
4909,49,09,OCTOBER,10,"9,13"
4909,49,09,NOVEMBER,11,"13,16"
4910,49,10,MAY,5,"28,29"
4910,49,10,JULY,7,"1,2"
4910,49,10,AUGUST,8,"5,6"
4910,49,10,SEPTEMBER,9,"9,10"
4910,49,10,OCTOBER,10,"14,15"
4910,49,10,NOVEMBER,11,"17,18"
4911,49,11,JUNE,6,"1,2"
4911,49,11,JULY,7,"6,7"
4911,49,11,AUGUST,8,"7,10"
4911,49,11,SEPTEMBER,9,"11,14"
4911,49,11,OCTOBER,10,"16,19"
4911,49,11,NOVEMBER,11,"19,20"
4912,49,12,JUNE,6,"3,4"
4912,49,12,JULY,7,"8,9"
4912,49,12,AUGUST,8,"11,12"
4912,49,12,SEPTEMBER,9,"15,16"
4912,49,12,OCTOBER,10,"20,21"
4912,49,12,NOVEMBER,11,"23,24"
5001,50,01,JUNE,6,"23,24"
5001,50,01,AUGUST,8,"3,4"
5001,50,01,SEPTEMBER,9,"17,18"
5001,50,01,OCTOBER,10,"28,29"
5002,50,02,MAY,5,"15,18"
5002,50,02,JUNE,6,"25,26"
5002,50,02,AUGUST,8,"5,6"
5002,50,02,SEPTEMBER,9,"21,22"
5002,50,02,OCTOBER,10,30
5002,50,02,NOVEMBER,11,2
5003,50,03,MAY,5,"19,20"
5003,50,03,JUNE,6,"29,30"
5003,50,03,AUGUST,8,"7,10"
5003,50,03,OCTOBER,10,"1,2"
5003,50,03,NOVEMBER,11,"3,4"
5004,50,04,MAY,5,"21,22"
5004,50,04,JULY,7,"1,2"
5004,50,04,AUGUST,8,"11,12"
5004,50,04,SEPTEMBER,9,"11,14"
5004,50,04,OCTOBER,10,"5,6"
5005,50,05,MAY,5,"26,27"
5005,50,05,JULY,7,"6,7"
5005,50,05,AUGUST,8,"13,14"
5005,50,05,OCTOBER,10,"7,8"
5005,50,05,NOVEMBER,11,"9,10"
5006,50,06,MAY,5,"28,29"
5006,50,06,JULY,7,"8,9"
5006,50,06,AUGUST,8,"17,18"
5006,50,06,OCTOBER,10,"9,13"
5006,50,06,NOVEMBER,11,"11,12"
5007,50,07,JUNE,6,"1,2"
5007,50,07,JULY,7,"10,13"
5007,50,07,AUGUST,8,"19,20"
5007,50,07,OCTOBER,10,"14,15"
5007,50,07,NOVEMBER,11,"13,16"
5008,50,08,JUNE,6,"3,4"
5008,50,08,JULY,7,"14,15"
5008,50,08,AUGUST,8,"21,24"
5008,50,08,OCTOBER,10,"16,19"
5008,50,08,NOVEMBER,11,"17,18"
5009,50,09,JUNE,6,"5,8"
5009,50,09,JULY,7,"16,17"
5009,50,09,AUGUST,8,"25,26"
5009,50,09,SEPTEMBER,9,"25,28"
5009,50,09,NOVEMBER,11,"19,20"
5010,50,10,JUNE,6,"9,10"
5010,50,10,JULY,7,"20,21"
5010,50,10,AUGUST,8,"27,28"
5010,50,10,SEPTEMBER,9,"15,16,29,30"
5011,50,11,JUNE,6,"11,12"
5011,50,11,JULY,7,"22,23"
5011,50,11,AUGUST,8,31
5011,50,11,SEPTEMBER,9,"1,23,24"
5011,50,11,OCTOBER,10,"5,6"
5012,50,12,JUNE,6,"15,16"
5012,50,12,JULY,7,"24,27"
5012,50,12,SEPTEMBER,9,"2,3"
5012,50,12,OCTOBER,10,"20,21"
5013,50,13,JUNE,6,"17,18"
5013,50,13,JULY,7,"28,29"
5013,50,13,SEPTEMBER,9,"4,8"
5013,50,13,OCTOBER,10,"22,23"
5014,50,14,JUNE,6,"19,22"
5014,50,14,JULY,7,"30,31"
5014,50,14,SEPTEMBER,9,"9,10"
5014,50,14,OCTOBER,10,"26,27"
5015,50,15,JUNE,6,"9,10"
5015,50,15,JULY,7,"14,15"
5015,50,15,AUGUST,8,"17,18"
5015,50,15,SEPTEMBER,9,"21,22"
5015,50,15,OCTOBER,10,"26,27"
1605,16,05,AUGUST,8,"12,13"
2319,23,19,AUGUST,8,31
2302,23,02,JULY,7,"14,15"
1611,16,11,AUGUST,8,"28,31"
1603,16,03,AUGUST,8,"4,5"
1602,16,02,AUGUST,8,"4,5"
1606,16,06,SEPTEMBER,9,"22,23"
2313,23,13,OCTOBER,10,"7,8"
1610,16,10,OCTOBER,10,"2,5"
2305,23,05,NOVEMBER,11,"9,10"
2001,20,01,NOVEMBER,11,20
1602,16,02,JUNE,6,"26,29"
2318,23,18,OCTOBER,10,"22,23"
1611,16,11,JUNE,6,"16,17"
4013,40,13,NOVEMBER,11,"5,6"
1607,16,07,JUNE,6,"4,5"
2309,23,09,JUNE,6,"10,11"
2305,23,05,JUNE,6,1
1610,16,10,NOVEMBER,11,"10,11"
1608,16,08,NOVEMBER,11,"4,5"
2317,23,17,AUGUST,8,"25,26"
2316,23,16,AUGUST,8,"21,24"
1609,16,09,OCTOBER,10,1
1613,16,13,JULY,7,"29,30"
1608,16,08,JUNE,6,"8,9"
2311,23,11,OCTOBER,10,"1,2"
4011,40,11,NOVEMBER,11,2
2301,23,01,OCTOBER,10,"28,29"
4012,40,12,NOVEMBER,11,"3,4"
2311,23,11,AUGUST,8,"7,10"
1606,16,06,OCTOBER,10,"29,30"
2307,23,07,JUNE,6,"4,5"
2312,23,12,OCTOBER,10,"5,6"
1601,16,01,JUNE,6,"24,25"
1613,16,13,SEPTEMBER,9,"3,4"
4009,40,09,SEPTEMBER,9,"9,10"
1613,16,13,OCTOBER,10,"13,14"
1602,16,02,SEPTEMBER,9,"10,11"
1601,16,01,NOVEMBER,11,20
2315,23,15,OCTOBER,10,"14,15"
0110,01,10,MAY,5,"18,25"
2319,23,19,OCTOBER,10,"26,27"
2316,23,16,JULY,7,1
4009,40,09,OCTOBER,10,"26,27"
1612,16,12,OCTOBER,10,"8,9"
2311,23,11,JUNE,6,"16,17"
1612,16,12,JUNE,6,"18,19"
2304,23,04,JULY,7,"20,21"
1610,16,10,JULY,7,"21,22"
1609,16,09,JULY,7,"17,20"
2317,23,17,OCTOBER,10,"20,21"
2308,23,08,JUNE,6,"8,9"
4008,40,08,OCTOBER,10,"23,24"
2303,23,03,JULY,7,"16,17"
1601,16,01,OCTOBER,10,"15,16"
1609,16,09,JUNE,6,"10,11"
1611,16,11,NOVEMBER,11,"12,13"
1605,16,05,SEPTEMBER,9,"18,21"
2318,23,18,JULY,7,"6,7"
1613,16,13,JUNE,6,"22,23"
2310,23,10,AUGUST,8,"5,6"
2301,23,01,MAY,5,"18,19"
1606,16,06,AUGUST,8,"14,14"
1601,16,01,SEPTEMBER,9,"8,9"
2319,23,19,SEPTEMBER,9,1
1612,16,12,SEPTEMBER,9,"1,2"
2302,23,02,NOVEMBER,11,2
2303,23,03,NOVEMBER,11,"3,4"
1612,16,12,JULY,7,"27,28"
4001,40,01,NOVEMBER,11,"17,18"
1605,16,05,JULY,7,"7,8"
2314,23,14,JUNE,6,"24,25"
1603,16,03,OCTOBER,10,"21,22"
2313,23,13,AUGUST,8,"13,14"
4016,40,16,NOVEMBER,11,"13,16"
2306,23,06,NOVEMBER,11,"11,12"
2304,23,04,NOVEMBER,11,"5,6"
0106,01,06,MAY,5,21
2305,23,05,MAY,5,29
1603,16,03,MAY,5,"22,26"
4015,40,15,NOVEMBER,11,"11,12"
2307,23,07,SEPTEMBER,9,"21,22"
2301,23,01,JULY,7,"10,13"
1603,16,03,SEPTEMBER,9,"10,11"
2301,23,01,SEPTEMBER,9,"2,3"
2314,23,14,OCTOBER,10,"9,13"
1613,16,13,NOVEMBER,11,"18,19"
1602,16,02,OCTOBER,10,"19,20"
1604,16,04,JULY,7,"2,6"
2309,23,09,AUGUST,8,"3,4"
1603,16,03,JUNE,6,30
2307,23,07,JULY,7,"28,29"
2308,23,08,JULY,7,"30,31"
2309,23,09,NOVEMBER,11,"19,20"
2309,23,09,SEPTEMBER,9,"25,28"
1610,16,10,AUGUST,8,"26,27"
1603,16,03,JULY,7,1
2304,23,04,MAY,5,"27,28"
2016,20,16,NOVEMBER,11,"18,19"
1604,16,04,MAY,5,"27,28"
1604,16,04,SEPTEMBER,9,"16,17"
2313,23,13,JUNE,6,"22,23"
2302,23,02,SEPTEMBER,9,"4,8"
1608,16,08,JULY,7,"15,16"
2310,23,10,JUNE,6,"12,15"
1608,16,08,AUGUST,8,"20,21"
1605,16,05,MAY,5,29
2304,23,04,SEPTEMBER,9,"11,14"
2319,23,19,JULY,7,"8,9"
1609,16,09,NOVEMBER,11,"6,9"
1607,16,07,AUGUST,8,"18,19"
4002,40,02,NOVEMBER,11,"19,20"
1611,16,11,OCTOBER,10,"6,7"
2306,23,06,JULY,7,"24,27"
2310,23,10,SEPTEMBER,9,"29,30"
1612,16,12,NOVEMBER,11,"16,17"
2307,23,07,NOVEMBER,11,"13,16"
1608,16,08,SEPTEMBER,9,"28,29"
1601,16,01,JULY,7,31
2302,23,02,MAY,5,"20,21"
2305,23,05,JULY,7,"22,23"
4010,40,10,OCTOBER,10,"28,29"
2306,23,06,JUNE,6,"2,3"
2315,23,15,AUGUST,8,"19,20"
1607,16,07,JULY,7,"13,14"
2302,23,02,OCTOBER,10,30
1611,16,11,JULY,7,"23,24"
1605,16,05,OCTOBER,10,"27,28"
1607,16,07,SEPTEMBER,9,"24,25"
2305,23,05,SEPTEMBER,9,"15,16"
2308,23,08,SEPTEMBER,9,"23,24"
2303,23,03,MAY,5,"22,26"
2316,23,16,OCTOBER,10,"16,19"
4014,40,14,NOVEMBER,11,"9,10"
2312,23,12,AUGUST,8,"11,12"
1601,16,01,AUGUST,8,3
4011,40,11,OCTOBER,10,30
1607,16,07,NOVEMBER,11,"2,3"
1605,16,05,JUNE,6,1
1606,16,06,JUNE,6,"2,3"
1609,16,09,SEPTEMBER,9,30
2308,23,08,NOVEMBER,11,"17,18"
2312,23,12,JUNE,6,"18,19"
1609,16,09,AUGUST,8,"24,25"
1604,16,04,OCTOBER,10,"23,26"
1606,16,06,JULY,7,"9,10"
1601,16,01,MAY,5,"18,19"
2314,23,14,AUGUST,8,"17,18"
1610,16,10,JUNE,6,"12,15"
2303,23,03,SEPTEMBER,9,"9,10"
2316,23,16,JUNE,6,30
1602,16,02,MAY,5,"20,21"
2317,23,17,JULY,7,"2,3"
2318,23,18,AUGUST,8,"27,28"
1604,16,04,AUGUST,8,"10,11"
2315,23,15,JUNE,6,"26,29"
2306,23,06,SEPTEMBER,9,"17,18"
1505,15,05,OCTOBER,10,"22,23"
2003,20,03,AUGUST,8,"24,25"
1504,15,04,JULY,7,"23,24"
2003,20,03,OCTOBER,10,"9,12"
1507,15,07,AUGUST,8,"3,28"
1503,15,03,JUNE,6,"22,23"
1504,15,04,MAY,5,"27,28"
2012,20,12,AUGUST,8,"4,5"
1502,15,02,NOVEMBER,11,"5,6"
1503,15,03,OCTOBER,10,"16,19"
2002,20,02,AUGUST,8,"20,21"
1502,15,02,JUNE,6,"18,19"
1502,15,02,OCTOBER,10,"14,15"
2006,20,06,SEPTEMBER,9,"1,2"
1508,15,08,AUGUST,8,"4,5"
2009,20,09,JUNE,6,"10,11"
2009,20,09,SEPTEMBER,9,"10,11"
1501,15,01,OCTOBER,10,"9,13"
2004,20,04,JULY,7,"13,14"
1508,15,08,JULY,7,"7,8"
2007,20,07,SEPTEMBER,9,"3,4"
2003,20,03,MAY,5,"22,26"
2008,20,08,JULY,7,"23,24"
1510,15,10,JUNE,6,"12,15"
1509,15,09,JULY,7,"9,10"
2004,20,04,AUGUST,8,"26,27"
2001,20,01,AUGUST,8,"18,19"
2016,20,16,JULY,7,1
2003,20,03,JULY,7,"9,10"
1506,15,06,NOVEMBER,11,"17,18"
2009,20,09,JULY,7,"27,28"
1501,15,01,JULY,7,"15,16"
1506,15,06,JULY,7,"1,29,30"
2007,20,07,JUNE,6,"4,5"
2008,20,08,SEPTEMBER,9,"8,9"
4518,45,18,MAY,5,"18,19"
2016,20,16,SEPTEMBER,9,30
2010,20,10,JULY,7,"29,30"
1503,15,03,MAY,5,"22,26"
2004,20,04,MAY,5,"27,28"
1505,15,05,JULY,7,"27,28"
1508,15,08,JUNE,6,"8,9"
2012,20,12,JUNE,6,"18,19"
2011,20,11,JUNE,6,"16,17"
4520,45,20,MAY,5,"22,26"
1504,15,04,OCTOBER,10,"20,21"
2002,20,02,OCTOBER,10,"6,8"
1502,15,02,AUGUST,8,"14,17"
2015,20,15,NOVEMBER,11,"12,13"
1509,15,09,SEPTEMBER,9,"4,8"
3704,37,04,OCTOBER,10,"23,26"
2013,20,13,SEPTEMBER,9,"22,23"
1504,15,04,AUGUST,8,"20,21"
3704,37,04,SEPTEMBER,9,"14,15"
1507,15,07,OCTOBER,10,"28,29"
2016,20,16,OCTOBER,10,1
2011,20,11,JULY,7,31
1510,15,10,JULY,7,"13,14"
4519,45,19,MAY,5,"20,21"
1510,15,10,NOVEMBER,11,2
2001,20,01,MAY,5,"18,19"
2005,20,05,AUGUST,8,"28,31"
1505,15,05,AUGUST,8,"24,25"
1506,15,06,JUNE,6,"2,3,30"
2015,20,15,JUNE,6,"26,29"
2011,20,11,AUGUST,8,3
4502,45,02,AUGUST,8,3
1507,15,07,JULY,7,"2,6,31"
4502,45,02,SEPTEMBER,9,30
1509,15,09,AUGUST,8,"6,7"
1505,15,05,MAY,5,29
2007,20,07,JULY,7,"21,22"
1507,15,07,JUNE,6,"4,5"
1504,15,04,JUNE,6,"24,25"
1505,15,05,JUNE,6,"1,26,29"
1507,15,07,SEPTEMBER,9,"1,29,30"
1510,15,10,AUGUST,8,"10,11"
1506,15,06,OCTOBER,10,"26,27"
1504,15,04,NOVEMBER,11,"11,12"
2014,20,14,SEPTEMBER,9,"24,25"
2006,20,06,JULY,7,"17,20"
2006,20,06,JUNE,6,"2,3"
2008,20,08,JUNE,6,"8,9"
2005,20,05,MAY,5,29
2014,20,14,NOVEMBER,11,"10,11"
2001,20,01,OCTOBER,10,"2,5"
1503,15,03,NOVEMBER,11,"9,10"
1509,15,09,JUNE,6,"10,11"
2010,20,10,OCTOBER,10,"29,30"
1506,15,06,AUGUST,8,"26,27"
1501,15,01,JUNE,6,"16,17"
2009,20,09,OCTOBER,10,"27,28"
2010,20,10,JUNE,6,"12,15"
2005,20,05,JUNE,6,1
1502,15,02,JULY,7,"17,20"
2008,20,08,OCTOBER,10,"23,26"
2005,20,05,OCTOBER,10,"15,16"
2014,20,14,JUNE,6,"24,25"
2011,20,11,NOVEMBER,11,"2,3"
1503,15,03,AUGUST,8,"18,19"
4502,45,02,OCTOBER,10,1
2012,20,12,SEPTEMBER,9,"18,21"
2001,20,01,JULY,7,"2,6"
1508,15,08,SEPTEMBER,9,"2,3"
1501,15,01,MAY,5,"18,19"
2006,20,06,OCTOBER,10,"19,20"
2005,20,05,JULY,7,"15,16"
2012,20,12,NOVEMBER,11,"4,5"
2007,20,07,OCTOBER,10,"21,22"
1502,15,02,MAY,5,"20,21"
1503,15,03,JULY,7,"21,22"
2013,20,13,NOVEMBER,11,"6,9"
2015,20,15,SEPTEMBER,9,"28,29"
2016,20,16,AUGUST,8,"14,17"
2002,20,02,JULY,7,"7,8"
2010,20,10,SEPTEMBER,9,"14,15"
1501,15,01,NOVEMBER,11,"3,4"
4521,45,21,MAY,5,"27,28"
1510,15,10,OCTOBER,10,"7,8,30"
2013,20,13,JUNE,6,"22,23"
2016,20,16,JUNE,6,30
1507,15,07,NOVEMBER,11,"19,20"
2002,20,02,MAY,5,"20,21"
2013,20,13,AUGUST,8,"6,7"
2004,20,04,OCTOBER,10,"13,14"
1505,15,05,NOVEMBER,11,"13,16"
2014,20,14,AUGUST,8,"10,11"
1501,15,01,AUGUST,8,"12,13"
1510,15,10,SEPTEMBER,9,"9,10"
2015,20,15,AUGUST,8,"12,13"
2011,20,11,SEPTEMBER,9,"16,17"
4407,44,07,JUNE,6,"9,10"
1410,14,10,JULY,7,"14,15"
1407,14,07,MAY,5,"26,27"
1402,14,02,OCTOBER,10,"14,15"
0209,02,09,JULY,7,"8,9,28,29"
1413,14,13,NOVEMBER,11,"17,18"
1403,14,03,JUNE,6,"23,24"
1411,14,11,AUGUST,8,"25,26"
1414,14,14,OCTOBER,10,"14,15"
0209,02,09,MAY,5,"28,29"
1401,14,01,JUNE,6,"17,18"
1408,14,08,NOVEMBER,11,"3,4"
1414,14,14,NOVEMBER,11,"19,20"
1413,14,13,JULY,7,"22,23"
1401,14,01,JULY,7,"28,29"
1412,14,12,AUGUST,8,"27,28"
2901,29,01,JUNE,6,"19,22"
3703,37,03,JULY,7,31
1412,14,12,OCTOBER,10,"7,8"
1413,14,13,SEPTEMBER,9,1
4407,44,07,NOVEMBER,11,"10,11"
1414,14,14,JUNE,6,"15,16"
1407,14,07,AUGUST,8,"13,14"
1411,14,11,JULY,7,"16,17"
1414,14,14,JULY,7,"24,27"
1403,14,03,AUGUST,8,"3,4"
0404,04,04,JUNE,6,1
1409,14,09,SEPTEMBER,9,"29,30"
1404,14,04,MAY,5,18
0209,02,09,AUGUST,8,"17,18"
1405,14,05,AUGUST,8,"7,10"
1411,14,11,JUNE,6,"5,8"
1408,14,08,JULY,7,"8,9"
1409,14,09,NOVEMBER,11,"5,6"
1407,14,07,OCTOBER,10,30
1402,14,02,SEPTEMBER,9,"9,10"
1414,14,14,SEPTEMBER,9,"2,3"
1404,14,04,OCTOBER,10,"22,23"
4407,44,07,OCTOBER,10,"13,14"
1408,14,08,SEPTEMBER,9,"25,28"
1403,14,03,SEPTEMBER,9,"11,14"
1410,14,10,NOVEMBER,11,"9,10"
1402,14,02,NOVEMBER,11,"17,18"
1407,14,07,SEPTEMBER,9,"23,24"
1402,14,02,JUNE,6,"19,22"
1411,14,11,NOVEMBER,11,"11,12"
3703,37,03,SEPTEMBER,9,"10,11"
1404,14,04,AUGUST,8,"5,6"
0209,02,09,JUNE,6,"17,18"
1409,14,09,AUGUST,8,"19,20"
0502,05,02,JULY,7,"28,29"
1410,14,10,AUGUST,8,"21,24"
1405,14,05,OCTOBER,10,"26,27"
1406,14,06,MAY,5,"21,22"
1406,14,06,OCTOBER,10,"28,29"
1405,14,05,JUNE,6,"29,30"
1412,14,12,NOVEMBER,11,"13,16"
1405,14,05,SEPTEMBER,9,"17,18"
1412,14,12,JUNE,6,"9,10"
1406,14,06,JULY,7,"1,2"
1407,14,07,NOVEMBER,11,2
1413,14,13,AUGUST,8,31
1413,14,13,JUNE,6,"11,12"
1409,14,09,JULY,7,"10,13"
3703,37,03,JUNE,6,"22,23"
4407,44,07,JULY,7,"8,14"
1408,14,08,AUGUST,8,"17,18"
1411,14,11,OCTOBER,10,"5,6"
4407,44,07,AUGUST,8,"11,12"
1401,14,01,OCTOBER,10,"16,19"
1406,14,06,SEPTEMBER,9,"21,22"
1413,14,13,OCTOBER,10,"9,13"
1405,14,05,MAY,5,"19,20"
3703,37,03,OCTOBER,10,"21,22"
1406,14,06,AUGUST,8,"11,12"
1401,14,01,NOVEMBER,11,"13,16"
1403,14,03,OCTOBER,10,"20,21"
1407,14,07,JULY,7,"6,7"
3703,37,03,AUGUST,8,3
1404,14,04,JUNE,6,"25,26"
4407,44,07,SEPTEMBER,9,"8,9"
1412,14,12,JULY,7,"20,21"
1401,14,01,SEPTEMBER,9,"4,8"
1408,14,08,MAY,5,"28,29"
1410,14,10,JUNE,6,"3,4"
1403,14,03,NOVEMBER,11,"19,20"
1404,14,04,SEPTEMBER,9,"15,16"
0209,02,09,SEPTEMBER,9,"4,8,25,28"
1410,14,10,OCTOBER,10,"1,2"
1402,14,02,JULY,7,"30,31"
1409,14,09,JUNE,6,"1,2"
0209,02,09,OCTOBER,10,"16,19"
0209,02,09,NOVEMBER,11,"5,6"
